ID,Physical Attack,Magic Attack,Fire Attack,Lightning Attack,Holy Attack,Stamina Attack,Str Scaling,Dex Scaling,Int Scaling,Fai Scaling,Arc Scaling,Physical Guard,Magic Guard,Fire Guard,Lightning Guard,Holy Guard,Stability Guard,Resistance Guard,Upgrade Price,Effect 1 Offset,Effect 2 Offset
0,1,1,1,1,1,1,1,1,1,1,1,1,1,1,1,1,1,1,1,0,0
1,1.058,1.058,1.058,1.058,1.058,1.04,1.02,1.02,1.04,1.04,1.04,1,1,1,1,1,1.01,1,1,0,0
2,1.116,1.116,1.116,1.116,1.116,1.08,1.04,1.04,1.08,1.08,1.08,1,1,1,1,1,1.02,1,1.2,0,0
3,1.174,1.174,1.174,1.174,1.174,1.12,1.06,1.06,1.12,1.12,1.12,1,1,1,1,1,1.03,1,1.4,0,0
4,1.232,1.232,1.232,1.232,1.232,1.16,1.08,1.08,1.16,1.16,1.16,1,1,1,1,1,1.04,1,1.6,0,0
5,1.29,1.29,1.29,1.29,1.29,1.2,1.1,1.1,1.2,1.2,1.2,1,1,1,1,1,1.05,1,1.8,0,0
6,1.348,1.348,1.348,1.348,1.348,1.24,1.12,1.12,1.24,1.24,1.24,1,1,1,1,1,1.06,1,2,0,0
7,1.406,1.406,1.406,1.406,1.406,1.28,1.14,1.14,1.28,1.28,1.28,1,1,1,1,1,1.07,1,2.2,0,0
8,1.464,1.464,1.464,1.464,1.464,1.32,1.16,1.16,1.32,1.32,1.32,1,1,1,1,1,1.08,1,2.4,0,0
9,1.522,1.522,1.522,1.522,1.522,1.36,1.18,1.18,1.36,1.36,1.36,1,1,1,1,1,1.09,1,2.6,0,0
10,1.58,1.58,1.58,1.58,1.58,1.4,1.2,1.2,1.4,1.4,1.4,1,1,1,1,1,1.1,1,2.8,0,0
11,1.638,1.638,1.638,1.638,1.638,1.44,1.22,1.22,1.43,1.43,1.43,1,1,1,1,1,1.11,1,3,0,0
12,1.696,1.696,1.696,1.696,1.696,1.48,1.24,1.24,1.46,1.46,1.46,1,1,1,1,1,1.12,1,3.2,0,0
13,1.754,1.754,1.754,1.754,1.754,1.52,1.26,1.26,1.49,1.49,1.49,1,1,1,1,1,1.13,1,3.4,0,0
14,1.812,1.812,1.812,1.812,1.812,1.56,1.28,1.28,1.52,1.52,1.52,1,1,1,1,1,1.14,1,3.6,0,0
15,1.87,1.87,1.87,1.87,1.87,1.6,1.3,1.3,1.55,1.55,1.55,1,1,1,1,1,1.15,1,3.8,0,0
16,1.928,1.928,1.928,1.928,1.928,1.64,1.32,1.32,1.58,1.58,1.58,1,1,1,1,1,1.16,1,4,0,0
17,1.986,1.986,1.986,1.986,1.986,1.68,1.34,1.34,1.61,1.61,1.61,1,1,1,1,1,1.16,1,4.2,0,0
18,2.044,2.044,2.044,2.044,2.044,1.72,1.36,1.36,1.64,1.64,1.64,1,1,1,1,1,1.17,1,4.4,0,0
19,2.102,2.102,2.102,2.102,2.102,1.76,1.38,1.38,1.67,1.67,1.67,1,1,1,1,1,1.17,1,4.6,0,0
20,2.16,2.16,2.16,2.16,2.16,1.8,1.4,1.4,1.7,1.7,1.7,1,1,1,1,1,1.18,1,4.8,0,0
21,2.218,2.218,2.218,2.218,2.218,1.84,1.42,1.42,1.72,1.72,1.72,1,1,1,1,1,1.18,1,5,0,0
22,2.276,2.276,2.276,2.276,2.276,1.88,1.44,1.44,1.74,1.74,1.74,1,1,1,1,1,1.18,1,5.2,0,0
23,2.334,2.334,2.334,2.334,2.334,1.92,1.46,1.46,1.76,1.76,1.76,1,1,1,1,1,1.19,1,5.4,0,0
24,2.392,2.392,2.392,2.392,2.392,1.96,1.48,1.48,1.78,1.78,1.78,1,1,1,1,1,1.19,1,5.6,0,0
25,2.45,2.45,2.45,2.45,2.45,2,1.5,1.5,1.8,1.8,1.8,1,1,1,1,1,1.2,1,5.8,0,0
100,0.95,0.95,0.95,0.95,0.95,1,1.8,0,1,1,1,1,1,1,1,1,1,1,1,0,0
101,1.006,1.006,1.006,1.006,1.006,1.04,1.85,0,1.04,1.04,1.04,1,1,1,1,1,1.01,1,1,0,0
102,1.062,1.062,1.062,1.062,1.062,1.08,1.9,0,1.08,1.08,1.08,1,1,1,1,1,1.01,1,1.2,0,0
103,1.118,1.118,1.118,1.118,1.118,1.12,1.95,0,1.12,1.12,1.12,1,1,1,1,1,1.02,1,1.4,0,0
104,1.174,1.174,1.174,1.174,1.174,1.16,2,0,1.16,1.16,1.16,1,1,1,1,1,1.02,1,1.6,0,0
105,1.23,1.23,1.23,1.23,1.23,1.2,2.05,0,1.2,1.2,1.2,1,1,1,1,1,1.03,1,1.8,0,0
106,1.286,1.286,1.286,1.286,1.286,1.24,2.1,0,1.24,1.24,1.24,1,1,1,1,1,1.03,1,2,0,0
107,1.342,1.342,1.342,1.342,1.342,1.28,2.15,0,1.28,1.28,1.28,1,1,1,1,1,1.04,1,2.2,0,0
108,1.398,1.398,1.398,1.398,1.398,1.32,2.2,0,1.32,1.32,1.32,1,1,1,1,1,1.04,1,2.4,0,0
109,1.454,1.454,1.454,1.454,1.454,1.36,2.25,0,1.36,1.36,1.36,1,1,1,1,1,1.04,1,2.6,0,0
110,1.51,1.51,1.51,1.51,1.51,1.4,2.3,0,1.4,1.4,1.4,1,1,1,1,1,1.05,1,2.8,0,0
111,1.566,1.566,1.566,1.566,1.566,1.44,2.34,0,1.43,1.43,1.43,1,1,1,1,1,1.05,1,3,0,0
112,1.622,1.622,1.622,1.622,1.622,1.48,2.38,0,1.46,1.46,1.46,1,1,1,1,1,1.05,1,3.2,0,0
113,1.678,1.678,1.678,1.678,1.678,1.52,2.42,0,1.49,1.49,1.49,1,1,1,1,1,1.06,1,3.4,0,0
114,1.734,1.734,1.734,1.734,1.734,1.56,2.46,0,1.52,1.52,1.52,1,1,1,1,1,1.06,1,3.6,0,0
115,1.79,1.79,1.79,1.79,1.79,1.6,2.5,0,1.55,1.55,1.55,1,1,1,1,1,1.06,1,3.8,0,0
116,1.846,1.846,1.846,1.846,1.846,1.64,2.54,0,1.58,1.58,1.58,1,1,1,1,1,1.07,1,4,0,0
117,1.902,1.902,1.902,1.902,1.902,1.68,2.58,0,1.61,1.61,1.61,1,1,1,1,1,1.07,1,4.2,0,0
118,1.958,1.958,1.958,1.958,1.958,1.72,2.62,0,1.64,1.64,1.64,1,1,1,1,1,1.07,1,4.4,0,0
119,2.014,2.014,2.014,2.014,2.014,1.76,2.66,0,1.67,1.67,1.67,1,1,1,1,1,1.08,1,4.6,0,0
120,2.07,2.07,2.07,2.07,2.07,1.8,2.7,0,1.7,1.7,1.7,1,1,1,1,1,1.08,1,4.8,0,0
121,2.126,2.126,2.126,2.126,2.126,1.84,2.72,0,1.72,1.72,1.72,1,1,1,1,1,1.08,1,5,0,0
122,2.182,2.182,2.182,2.182,2.182,1.88,2.74,0,1.74,1.74,1.74,1,1,1,1,1,1.09,1,5.2,0,0
123,2.238,2.238,2.238,2.238,2.238,1.92,2.76,0,1.76,1.76,1.76,1,1,1,1,1,1.09,1,5.4,0,0
124,2.294,2.294,2.294,2.294,2.294,1.96,2.78,0,1.78,1.78,1.78,1,1,1,1,1,1.09,1,5.6,0,0
125,2.35,2.35,2.35,2.35,2.35,2,2.8,0,1.8,1.8,1.8,1,1,1,1,1,1.1,1,5.8,0,0
200,0.95,0.95,0.95,0.95,0.95,1,0.5,1.8,1,1,1,1,1,1,1,1,1,1,1,0,0
201,1.006,1.006,1.006,1.006,1.006,1.04,0.53,1.85,1.04,1.04,1.04,1,1,1,1,1,1.01,1,1,0,0
202,1.062,1.062,1.062,1.062,1.062,1.08,0.56,1.9,1.08,1.08,1.08,1,1,1,1,1,1.01,1,1.2,0,0
203,1.118,1.118,1.118,1.118,1.118,1.12,0.59,1.95,1.12,1.12,1.12,1,1,1,1,1,1.02,1,1.4,0,0
204,1.174,1.174,1.174,1.174,1.174,1.16,0.62,2,1.16,1.16,1.16,1,1,1,1,1,1.02,1,1.6,0,0
205,1.23,1.23,1.23,1.23,1.23,1.2,0.65,2.05,1.2,1.2,1.2,1,1,1,1,1,1.03,1,1.8,0,0
206,1.286,1.286,1.286,1.286,1.286,1.24,0.68,2.1,1.24,1.24,1.24,1,1,1,1,1,1.03,1,2,0,0
207,1.342,1.342,1.342,1.342,1.342,1.28,0.71,2.15,1.28,1.28,1.28,1,1,1,1,1,1.04,1,2.2,0,0
208,1.398,1.398,1.398,1.398,1.398,1.32,0.74,2.2,1.32,1.32,1.32,1,1,1,1,1,1.04,1,2.4,0,0
209,1.454,1.454,1.454,1.454,1.454,1.36,0.77,2.25,1.36,1.36,1.36,1,1,1,1,1,1.04,1,2.6,0,0
210,1.51,1.51,1.51,1.51,1.51,1.4,0.8,2.3,1.4,1.4,1.4,1,1,1,1,1,1.05,1,2.8,0,0
211,1.566,1.566,1.566,1.566,1.566,1.44,0.82,2.34,1.43,1.43,1.43,1,1,1,1,1,1.05,1,3,0,0
212,1.622,1.622,1.622,1.622,1.622,1.48,0.84,2.38,1.46,1.46,1.46,1,1,1,1,1,1.05,1,3.2,0,0
213,1.678,1.678,1.678,1.678,1.678,1.52,0.86,2.42,1.49,1.49,1.49,1,1,1,1,1,1.06,1,3.4,0,0
214,1.734,1.734,1.734,1.734,1.734,1.56,0.88,2.46,1.52,1.52,1.52,1,1,1,1,1,1.06,1,3.6,0,0
215,1.79,1.79,1.79,1.79,1.79,1.6,0.9,2.5,1.55,1.55,1.55,1,1,1,1,1,1.06,1,3.8,0,0
216,1.846,1.846,1.846,1.846,1.846,1.64,0.92,2.54,1.58,1.58,1.58,1,1,1,1,1,1.07,1,4,0,0
217,1.902,1.902,1.902,1.902,1.902,1.68,0.94,2.58,1.61,1.61,1.61,1,1,1,1,1,1.07,1,4.2,0,0
218,1.958,1.958,1.958,1.958,1.958,1.72,0.96,2.62,1.64,1.64,1.64,1,1,1,1,1,1.07,1,4.4,0,0
219,2.014,2.014,2.014,2.014,2.014,1.76,0.98,2.66,1.67,1.67,1.67,1,1,1,1,1,1.08,1,4.6,0,0
220,2.07,2.07,2.07,2.07,2.07,1.8,1,2.7,1.7,1.7,1.7,1,1,1,1,1,1.08,1,4.8,0,0
221,2.126,2.126,2.126,2.126,2.126,1.84,1.06,2.72,1.72,1.72,1.72,1,1,1,1,1,1.08,1,5,0,0
222,2.182,2.182,2.182,2.182,2.182,1.88,1.12,2.74,1.74,1.74,1.74,1,1,1,1,1,1.09,1,5.2,0,0
223,2.238,2.238,2.238,2.238,2.238,1.92,1.18,2.76,1.76,1.76,1.76,1,1,1,1,1,1.09,1,5.4,0,0
224,2.294,2.294,2.294,2.294,2.294,1.96,1.24,2.78,1.78,1.78,1.78,1,1,1,1,1,1.09,1,5.6,0,0
225,2.35,2.35,2.35,2.35,2.35,2,1.3,2.8,1.8,1.8,1.8,1,1,1,1,1,1.1,1,5.8,0,0
300,0.9,0.9,0.9,0.9,0.9,1,1,1,1,1,1,1,1,1,1,1,1,1,1,0,0
301,0.946,0.946,0.946,0.946,0.946,1.04,1.05,1.05,1.04,1.04,1.04,1,1,1,1,1,1.01,1,1,0,0
302,0.992,0.992,0.992,0.992,0.992,1.08,1.1,1.1,1.08,1.08,1.08,1,1,1,1,1,1.01,1,1.2,0,0
303,1.038,1.038,1.038,1.038,1.038,1.12,1.15,1.15,1.12,1.12,1.12,1,1,1,1,1,1.02,1,1.4,0,0
304,1.084,1.084,1.084,1.084,1.084,1.16,1.2,1.2,1.16,1.16,1.16,1,1,1,1,1,1.02,1,1.6,0,0
305,1.13,1.13,1.13,1.13,1.13,1.2,1.25,1.25,1.2,1.2,1.2,1,1,1,1,1,1.03,1,1.8,0,0
306,1.176,1.176,1.176,1.176,1.176,1.24,1.3,1.3,1.24,1.24,1.24,1,1,1,1,1,1.03,1,2,0,0
307,1.222,1.222,1.222,1.222,1.222,1.28,1.35,1.35,1.28,1.28,1.28,1,1,1,1,1,1.04,1,2.2,0,0
308,1.268,1.268,1.268,1.268,1.268,1.32,1.4,1.4,1.32,1.32,1.32,1,1,1,1,1,1.04,1,2.4,0,0
309,1.314,1.314,1.314,1.314,1.314,1.36,1.45,1.45,1.36,1.36,1.36,1,1,1,1,1,1.04,1,2.6,0,0
310,1.36,1.36,1.36,1.36,1.36,1.4,1.5,1.5,1.4,1.4,1.4,1,1,1,1,1,1.05,1,2.8,0,0
311,1.406,1.406,1.406,1.406,1.406,1.44,1.53,1.53,1.43,1.43,1.43,1,1,1,1,1,1.05,1,3,0,0
312,1.452,1.452,1.452,1.452,1.452,1.48,1.56,1.56,1.46,1.46,1.46,1,1,1,1,1,1.05,1,3.2,0,0
313,1.498,1.498,1.498,1.498,1.498,1.52,1.59,1.59,1.49,1.49,1.49,1,1,1,1,1,1.06,1,3.4,0,0
314,1.544,1.544,1.544,1.544,1.544,1.56,1.62,1.62,1.52,1.52,1.52,1,1,1,1,1,1.06,1,3.6,0,0
315,1.59,1.59,1.59,1.59,1.59,1.6,1.65,1.65,1.55,1.55,1.55,1,1,1,1,1,1.06,1,3.8,0,0
316,1.636,1.636,1.636,1.636,1.636,1.64,1.68,1.68,1.58,1.58,1.58,1,1,1,1,1,1.07,1,4,0,0
317,1.682,1.682,1.682,1.682,1.682,1.68,1.71,1.71,1.61,1.61,1.61,1,1,1,1,1,1.07,1,4.2,0,0
318,1.728,1.728,1.728,1.728,1.728,1.72,1.74,1.74,1.64,1.64,1.64,1,1,1,1,1,1.07,1,4.4,0,0
319,1.774,1.774,1.774,1.774,1.774,1.76,1.77,1.77,1.67,1.67,1.67,1,1,1,1,1,1.08,1,4.6,0,0
320,1.82,1.82,1.82,1.82,1.82,1.8,1.8,1.8,1.7,1.7,1.7,1,1,1,1,1,1.08,1,4.8,0,0
321,1.866,1.866,1.866,1.866,1.866,1.84,1.82,1.82,1.72,1.72,1.72,1,1,1,1,1,1.08,1,5,0,0
322,1.912,1.912,1.912,1.912,1.912,1.88,1.84,1.84,1.74,1.74,1.74,1,1,1,1,1,1.09,1,5.2,0,0
323,1.958,1.958,1.958,1.958,1.958,1.92,1.86,1.86,1.76,1.76,1.76,1,1,1,1,1,1.09,1,5.4,0,0
324,2.004,2.004,2.004,2.004,2.004,1.96,1.88,1.88,1.78,1.78,1.78,1,1,1,1,1,1.09,1,5.6,0,0
325,2.05,2.05,2.05,2.05,2.05,2,1.9,1.9,1.8,1.8,1.8,1,1,1,1,1,1.1,1,5.8,0,0
400,0.8,0.8,0.8,0.8,0.8,1,1.3,0.5,1,1,1,0.95,0.95,1.15,1.05,0.95,1,0.95,1,0,0
401,0.836,0.836,0.836,0.836,0.836,1.04,1.34,0.53,1.04,1.04,1.04,0.95,0.95,1.15,1.05,0.95,1,0.95,1,0,0
402,0.872,0.872,0.872,0.872,0.872,1.08,1.38,0.56,1.08,1.08,1.08,0.95,0.95,1.16,1.06,0.95,1,0.95,1.2,0,0
403,0.908,0.908,0.908,0.908,0.908,1.12,1.42,0.59,1.12,1.12,1.12,0.95,0.95,1.16,1.06,0.95,1,0.95,1.4,0,0
404,0.944,0.944,0.944,0.944,0.944,1.16,1.46,0.62,1.16,1.16,1.16,0.95,0.95,1.17,1.07,0.95,1,0.95,1.6,0,0
405,0.98,0.98,0.98,0.98,0.98,1.2,1.5,0.65,1.2,1.2,1.2,0.95,0.95,1.17,1.07,0.95,1,0.95,1.8,0,0
406,1.016,1.016,1.016,1.016,1.016,1.24,1.54,0.68,1.24,1.24,1.24,0.95,0.95,1.18,1.08,0.95,1,0.95,2,0,0
407,1.052,1.052,1.052,1.052,1.052,1.28,1.58,0.71,1.28,1.28,1.28,0.95,0.95,1.18,1.08,0.95,1,0.95,2.2,0,0
408,1.088,1.088,1.088,1.088,1.088,1.32,1.62,0.74,1.32,1.32,1.32,0.95,0.95,1.19,1.09,0.95,1,0.95,2.4,0,0
409,1.124,1.124,1.124,1.124,1.124,1.36,1.66,0.77,1.36,1.36,1.36,0.95,0.95,1.19,1.09,0.95,1,0.95,2.6,0,0
410,1.16,1.16,1.16,1.16,1.16,1.4,1.7,0.8,1.4,1.4,1.4,0.95,0.95,1.2,1.1,0.95,1,0.95,2.8,0,0
411,1.196,1.196,1.196,1.196,1.196,1.44,1.73,0.83,1.43,1.43,1.43,0.95,0.95,1.2,1.1,0.95,1,0.95,3,0,0
412,1.232,1.232,1.232,1.232,1.232,1.48,1.76,0.86,1.46,1.46,1.46,0.95,0.95,1.21,1.11,0.95,1,0.95,3.2,0,0
413,1.268,1.268,1.268,1.268,1.268,1.52,1.79,0.89,1.49,1.49,1.49,0.95,0.95,1.21,1.11,0.95,1,0.95,3.4,0,0
414,1.304,1.304,1.304,1.304,1.304,1.56,1.82,0.92,1.52,1.52,1.52,0.95,0.95,1.21,1.11,0.95,1,0.95,3.6,0,0
415,1.34,1.34,1.34,1.34,1.34,1.6,1.85,0.95,1.55,1.55,1.55,0.95,0.95,1.22,1.12,0.95,1,0.95,3.8,0,0
416,1.376,1.376,1.376,1.376,1.376,1.64,1.88,0.98,1.58,1.58,1.58,0.95,0.95,1.22,1.12,0.95,1,0.95,4,0,0
417,1.412,1.412,1.412,1.412,1.412,1.68,1.91,1.01,1.61,1.61,1.61,0.95,0.95,1.22,1.12,0.95,1,0.95,4.2,0,0
418,1.448,1.448,1.448,1.448,1.448,1.72,1.94,1.04,1.64,1.64,1.64,0.95,0.95,1.23,1.13,0.95,1,0.95,4.4,0,0
419,1.484,1.484,1.484,1.484,1.484,1.76,1.97,1.07,1.67,1.67,1.67,0.95,0.95,1.23,1.13,0.95,1,0.95,4.6,0,0
420,1.52,1.52,1.52,1.52,1.52,1.8,2,1.1,1.7,1.7,1.7,0.95,0.95,1.23,1.13,0.95,1,0.95,4.8,0,0
421,1.556,1.556,1.556,1.556,1.556,1.84,2.02,1.12,1.72,1.72,1.72,0.95,0.95,1.24,1.14,0.95,1,0.95,5,0,0
422,1.592,1.592,1.592,1.592,1.592,1.88,2.04,1.14,1.74,1.74,1.74,0.95,0.95,1.24,1.14,0.95,1,0.95,5.2,0,0
423,1.628,1.628,1.628,1.628,1.628,1.92,2.06,1.16,1.76,1.76,1.76,0.95,0.95,1.24,1.14,0.95,1,0.95,5.4,0,0
424,1.664,1.664,1.664,1.664,1.664,1.96,2.08,1.18,1.78,1.78,1.78,0.95,0.95,1.24,1.14,0.95,1,0.95,5.6,0,0
425,1.7,1.7,1.7,1.7,1.7,2,2.1,1.2,1.8,1.8,1.8,0.95,0.95,1.25,1.15,0.95,1,0.95,5.8,0,0
500,0.85,0.85,0.85,0.85,0.85,1,0.8,0.8,1,1,1,0.95,0.95,1.15,1.05,0.95,1,0.95,1,0,0
501,0.896,0.896,0.896,0.896,0.896,1.04,0.85,0.85,1.08,1.07,1.04,0.95,0.95,1.15,1.05,0.95,1,0.95,1,0,0
502,0.942,0.942,0.942,0.942,0.942,1.08,0.9,0.9,1.16,1.14,1.08,0.95,0.95,1.16,1.06,0.95,1,0.95,1.2,0,0
503,0.988,0.988,0.988,0.988,0.988,1.12,0.95,0.95,1.24,1.21,1.12,0.95,0.95,1.16,1.06,0.95,1,0.95,1.4,0,0
504,1.034,1.034,1.034,1.034,1.034,1.16,1,1,1.32,1.28,1.16,0.95,0.95,1.17,1.07,0.95,1,0.95,1.6,0,0
505,1.08,1.08,1.08,1.08,1.08,1.2,1.05,1.05,1.4,1.35,1.2,0.95,0.95,1.17,1.07,0.95,1,0.95,1.8,0,0
506,1.126,1.126,1.126,1.126,1.126,1.24,1.1,1.1,1.48,1.42,1.24,0.95,0.95,1.18,1.08,0.95,1,0.95,2,0,0
507,1.172,1.172,1.172,1.172,1.172,1.28,1.15,1.15,1.56,1.49,1.28,0.95,0.95,1.18,1.08,0.95,1,0.95,2.2,0,0
508,1.218,1.218,1.218,1.218,1.218,1.32,1.2,1.2,1.64,1.56,1.32,0.95,0.95,1.19,1.09,0.95,1,0.95,2.4,0,0
509,1.264,1.264,1.264,1.264,1.264,1.36,1.25,1.25,1.72,1.63,1.36,0.95,0.95,1.19,1.09,0.95,1,0.95,2.6,0,0
510,1.31,1.31,1.31,1.31,1.31,1.4,1.3,1.3,1.8,1.7,1.4,0.95,0.95,1.2,1.1,0.95,1,0.95,2.8,0,0
511,1.356,1.356,1.356,1.356,1.356,1.44,1.34,1.34,1.85,1.75,1.43,0.95,0.95,1.2,1.1,0.95,1,0.95,3,0,0
512,1.402,1.402,1.402,1.402,1.402,1.48,1.38,1.38,1.9,1.8,1.46,0.95,0.95,1.21,1.11,0.95,1,0.95,3.2,0,0
513,1.448,1.448,1.448,1.448,1.448,1.52,1.42,1.42,1.95,1.85,1.49,0.95,0.95,1.21,1.11,0.95,1,0.95,3.4,0,0
514,1.494,1.494,1.494,1.494,1.494,1.56,1.46,1.46,2,1.9,1.52,0.95,0.95,1.21,1.11,0.95,1,0.95,3.6,0,0
515,1.54,1.54,1.54,1.54,1.54,1.6,1.5,1.5,2.05,1.95,1.55,0.95,0.95,1.22,1.12,0.95,1,0.95,3.8,0,0
516,1.586,1.586,1.586,1.586,1.586,1.64,1.54,1.54,2.1,2,1.58,0.95,0.95,1.22,1.12,0.95,1,0.95,4,0,0
517,1.632,1.632,1.632,1.632,1.632,1.68,1.58,1.58,2.15,2.05,1.61,0.95,0.95,1.22,1.12,0.95,1,0.95,4.2,0,0
518,1.678,1.678,1.678,1.678,1.678,1.72,1.62,1.62,2.2,2.1,1.64,0.95,0.95,1.23,1.13,0.95,1,0.95,4.4,0,0
519,1.724,1.724,1.724,1.724,1.724,1.76,1.66,1.66,2.25,2.15,1.67,0.95,0.95,1.23,1.13,0.95,1,0.95,4.6,0,0
520,1.77,1.77,1.77,1.77,1.77,1.8,1.7,1.7,2.3,2.2,1.7,0.95,0.95,1.23,1.13,0.95,1,0.95,4.8,0,0
521,1.816,1.816,1.816,1.816,1.816,1.84,1.72,1.72,2.2,2.22,1.72,0.95,0.95,1.24,1.14,0.95,1,0.95,5,0,0
522,1.862,1.862,1.862,1.862,1.862,1.88,1.74,1.74,2.1,2.24,1.74,0.95,0.95,1.24,1.14,0.95,1,0.95,5.2,0,0
523,1.908,1.908,1.908,1.908,1.908,1.92,1.76,1.76,2,2.26,1.76,0.95,0.95,1.24,1.14,0.95,1,0.95,5.4,0,0
524,1.954,1.954,1.954,1.954,1.954,1.96,1.78,1.78,1.9,2.28,1.78,0.95,0.95,1.24,1.14,0.95,1,0.95,5.6,0,0
525,2,2,2,2,2,2,1.8,1.8,1.8,2.3,1.8,0.95,0.95,1.25,1.15,0.95,1,0.95,5.8,0,0
600,0.8,0.8,0.8,0.8,0.8,1,0.5,1.3,1,1,1,0.95,0.95,1.05,1.15,0.95,1,0.95,1,0,0
601,0.8376,0.8376,0.8376,0.8376,0.8376,1.04,0.53,1.34,1.04,1.04,1.04,0.95,0.95,1.05,1.15,0.95,1,0.95,1,0,0
602,0.8752,0.8752,0.8752,0.8752,0.8752,1.08,0.56,1.38,1.08,1.08,1.08,0.95,0.95,1.06,1.16,0.95,1,0.95,1.2,0,0
603,0.9128,0.9128,0.9128,0.9128,0.9128,1.12,0.59,1.42,1.12,1.12,1.12,0.95,0.95,1.06,1.16,0.95,1,0.95,1.4,0,0
604,0.9504,0.9504,0.9504,0.9504,0.9504,1.16,0.62,1.46,1.16,1.16,1.16,0.95,0.95,1.07,1.17,0.95,1,0.95,1.6,0,0
605,0.988,0.988,0.988,0.988,0.988,1.2,0.65,1.5,1.2,1.2,1.2,0.95,0.95,1.07,1.17,0.95,1,0.95,1.8,0,0
606,1.0256,1.0256,1.0256,1.0256,1.0256,1.24,0.68,1.54,1.24,1.24,1.24,0.95,0.95,1.08,1.18,0.95,1,0.95,2,0,0
607,1.0632,1.0632,1.0632,1.0632,1.0632,1.28,0.71,1.58,1.28,1.28,1.28,0.95,0.95,1.08,1.18,0.95,1,0.95,2.2,0,0
608,1.1008,1.1008,1.1008,1.1008,1.1008,1.32,0.74,1.62,1.32,1.32,1.32,0.95,0.95,1.09,1.19,0.95,1,0.95,2.4,0,0
609,1.1384,1.1384,1.1384,1.1384,1.1384,1.36,0.77,1.66,1.36,1.36,1.36,0.95,0.95,1.09,1.19,0.95,1,0.95,2.6,0,0
610,1.176,1.176,1.176,1.176,1.176,1.4,0.8,1.7,1.4,1.4,1.4,0.95,0.95,1.1,1.2,0.95,1,0.95,2.8,0,0
611,1.2136,1.2136,1.2136,1.2136,1.2136,1.44,0.83,1.73,1.43,1.43,1.43,0.95,0.95,1.1,1.2,0.95,1,0.95,3,0,0
612,1.2512,1.2512,1.2512,1.2512,1.2512,1.48,0.86,1.76,1.46,1.46,1.46,0.95,0.95,1.11,1.21,0.95,1,0.95,3.2,0,0
613,1.2888,1.2888,1.2888,1.2888,1.2888,1.52,0.89,1.79,1.49,1.49,1.49,0.95,0.95,1.11,1.21,0.95,1,0.95,3.4,0,0
614,1.3264,1.3264,1.3264,1.3264,1.3264,1.56,0.92,1.82,1.52,1.52,1.52,0.95,0.95,1.11,1.21,0.95,1,0.95,3.6,0,0
615,1.364,1.364,1.364,1.364,1.364,1.6,0.95,1.85,1.55,1.55,1.55,0.95,0.95,1.12,1.22,0.95,1,0.95,3.8,0,0
616,1.4016,1.4016,1.4016,1.4016,1.4016,1.64,0.98,1.88,1.58,1.58,1.58,0.95,0.95,1.12,1.22,0.95,1,0.95,4,0,0
617,1.4392,1.4392,1.4392,1.4392,1.4392,1.68,1.01,1.91,1.61,1.61,1.61,0.95,0.95,1.12,1.22,0.95,1,0.95,4.2,0,0
618,1.4768,1.4768,1.4768,1.4768,1.4768,1.72,1.04,1.94,1.64,1.64,1.64,0.95,0.95,1.13,1.23,0.95,1,0.95,4.4,0,0
619,1.5144,1.5144,1.5144,1.5144,1.5144,1.76,1.07,1.97,1.67,1.67,1.67,0.95,0.95,1.13,1.23,0.95,1,0.95,4.6,0,0
620,1.552,1.552,1.552,1.552,1.552,1.8,1.1,2,1.7,1.7,1.7,0.95,0.95,1.13,1.23,0.95,1,0.95,4.8,0,0
621,1.5896,1.5896,1.5896,1.5896,1.5896,1.84,1.12,2.02,1.72,1.72,1.72,0.95,0.95,1.14,1.24,0.95,1,0.95,5,0,0
622,1.6272,1.6272,1.6272,1.6272,1.6272,1.88,1.14,2.04,1.74,1.74,1.74,0.95,0.95,1.14,1.24,0.95,1,0.95,5.2,0,0
623,1.6648,1.6648,1.6648,1.6648,1.6648,1.92,1.16,2.06,1.76,1.76,1.76,0.95,0.95,1.14,1.24,0.95,1,0.95,5.4,0,0
624,1.7024,1.7024,1.7024,1.7024,1.7024,1.96,1.18,2.08,1.78,1.78,1.78,0.95,0.95,1.14,1.24,0.95,1,0.95,5.6,0,0
625,1.74,1.74,1.74,1.74,1.74,2,1.2,2.1,1.8,1.8,1.8,0.95,0.95,1.15,1.25,0.95,1,0.95,5.8,0,0
700,0.75,0.75,0.75,0.75,0.75,1,1,1,1,1,1,0.95,1.05,0.95,0.95,1.15,1,0.95,1,0,0
701,0.8,0.8,0.8,0.8,0.8,1.04,1.04,1.04,1.04,1.07,1.04,0.95,1.05,0.95,0.95,1.15,1,0.95,1,0,0
702,0.85,0.85,0.85,0.85,0.85,1.08,1.08,1.08,1.08,1.14,1.08,0.95,1.06,0.95,0.95,1.16,1,0.95,1.2,0,0
703,0.9,0.9,0.9,0.9,0.9,1.12,1.12,1.12,1.12,1.21,1.12,0.95,1.06,0.95,0.95,1.16,1,0.95,1.4,0,0
704,0.95,0.95,0.95,0.95,0.95,1.16,1.16,1.16,1.16,1.28,1.16,0.95,1.07,0.95,0.95,1.17,1,0.95,1.6,0,0
705,1,1,1,1,1,1.2,1.2,1.2,1.2,1.35,1.2,0.95,1.07,0.95,0.95,1.17,1,0.95,1.8,0,0
706,1.05,1.05,1.05,1.05,1.05,1.24,1.24,1.24,1.24,1.42,1.24,0.95,1.08,0.95,0.95,1.18,1,0.95,2,0,0
707,1.1,1.1,1.1,1.1,1.1,1.28,1.28,1.28,1.28,1.49,1.28,0.95,1.08,0.95,0.95,1.18,1,0.95,2.2,0,0
708,1.15,1.15,1.15,1.15,1.15,1.32,1.32,1.32,1.32,1.56,1.32,0.95,1.09,0.95,0.95,1.19,1,0.95,2.4,0,0
709,1.2,1.2,1.2,1.2,1.2,1.36,1.36,1.36,1.36,1.63,1.36,0.95,1.09,0.95,0.95,1.19,1,0.95,2.6,0,0
710,1.25,1.25,1.25,1.25,1.25,1.4,1.4,1.4,1.4,1.7,1.4,0.95,1.1,0.95,0.95,1.2,1,0.95,2.8,0,0
711,1.3,1.3,1.3,1.3,1.3,1.44,1.43,1.43,1.43,1.75,1.43,0.95,1.1,0.95,0.95,1.2,1,0.95,3,0,0
712,1.35,1.35,1.35,1.35,1.35,1.48,1.46,1.46,1.46,1.8,1.46,0.95,1.11,0.95,0.95,1.21,1,0.95,3.2,0,0
713,1.4,1.4,1.4,1.4,1.4,1.52,1.49,1.49,1.49,1.85,1.49,0.95,1.11,0.95,0.95,1.21,1,0.95,3.4,0,0
714,1.45,1.45,1.45,1.45,1.45,1.56,1.52,1.52,1.52,1.9,1.52,0.95,1.11,0.95,0.95,1.21,1,0.95,3.6,0,0
715,1.5,1.5,1.5,1.5,1.5,1.6,1.55,1.55,1.55,1.95,1.55,0.95,1.12,0.95,0.95,1.22,1,0.95,3.8,0,0
716,1.55,1.55,1.55,1.55,1.55,1.64,1.58,1.58,1.58,2,1.58,0.95,1.12,0.95,0.95,1.22,1,0.95,4,0,0
717,1.6,1.6,1.6,1.6,1.6,1.68,1.61,1.61,1.61,2.05,1.61,0.95,1.12,0.95,0.95,1.22,1,0.95,4.2,0,0
718,1.65,1.65,1.65,1.65,1.65,1.72,1.64,1.64,1.64,2.1,1.64,0.95,1.13,0.95,0.95,1.23,1,0.95,4.4,0,0
719,1.7,1.7,1.7,1.7,1.7,1.76,1.67,1.67,1.67,2.15,1.67,0.95,1.13,0.95,0.95,1.23,1,0.95,4.6,0,0
720,1.75,1.75,1.75,1.75,1.75,1.8,1.7,1.7,1.7,2.2,1.7,0.95,1.13,0.95,0.95,1.23,1,0.95,4.8,0,0
721,1.8,1.8,1.8,1.8,1.8,1.84,1.72,1.72,1.72,2.22,1.72,0.95,1.14,0.95,0.95,1.24,1,0.95,5,0,0
722,1.85,1.85,1.85,1.85,1.85,1.88,1.74,1.74,1.74,2.24,1.74,0.95,1.14,0.95,0.95,1.24,1,0.95,5.2,0,0
723,1.9,1.9,1.9,1.9,1.9,1.92,1.76,1.76,1.76,2.26,1.76,0.95,1.14,0.95,0.95,1.24,1,0.95,5.4,0,0
724,1.95,1.95,1.95,1.95,1.95,1.96,1.78,1.78,1.78,2.28,1.78,0.95,1.14,0.95,0.95,1.24,1,0.95,5.6,0,0
725,2,2,2,2,2,2,1.8,1.8,1.8,2.3,1.8,0.95,1.15,0.95,0.95,1.25,1,0.95,5.8,0,0
800,0.75,0.75,0.75,0.75,0.75,1,0.8,0.8,1,1,1,0.95,1.15,0.95,0.95,1.05,1,0.95,1,0,0
801,0.8,0.8,0.8,0.8,0.8,1.04,0.83,0.83,1.07,1.04,1.04,0.95,1.15,0.95,0.95,1.05,1,0.95,1,0,0
802,0.85,0.85,0.85,0.85,0.85,1.08,0.86,0.86,1.14,1.08,1.08,0.95,1.16,0.95,0.95,1.06,1,0.95,1.2,0,0
803,0.9,0.9,0.9,0.9,0.9,1.12,0.89,0.89,1.21,1.12,1.12,0.95,1.16,0.95,0.95,1.06,1,0.95,1.4,0,0
804,0.95,0.95,0.95,0.95,0.95,1.16,0.92,0.92,1.28,1.16,1.16,0.95,1.17,0.95,0.95,1.07,1,0.95,1.6,0,0
805,1,1,1,1,1,1.2,0.95,0.95,1.35,1.2,1.2,0.95,1.17,0.95,0.95,1.07,1,0.95,1.8,0,0
806,1.05,1.05,1.05,1.05,1.05,1.24,0.98,0.98,1.42,1.24,1.24,0.95,1.18,0.95,0.95,1.08,1,0.95,2,0,0
807,1.1,1.1,1.1,1.1,1.1,1.28,1.01,1.01,1.49,1.28,1.28,0.95,1.18,0.95,0.95,1.08,1,0.95,2.2,0,0
808,1.15,1.15,1.15,1.15,1.15,1.32,1.04,1.04,1.56,1.32,1.32,0.95,1.19,0.95,0.95,1.09,1,0.95,2.4,0,0
809,1.2,1.2,1.2,1.2,1.2,1.36,1.07,1.07,1.63,1.36,1.36,0.95,1.19,0.95,0.95,1.09,1,0.95,2.6,0,0
810,1.25,1.25,1.25,1.25,1.25,1.4,1.1,1.1,1.7,1.4,1.4,0.95,1.2,0.95,0.95,1.1,1,0.95,2.8,0,0
811,1.3,1.3,1.3,1.3,1.3,1.44,1.11,1.11,1.75,1.43,1.43,0.95,1.2,0.95,0.95,1.1,1,0.95,3,0,0
812,1.35,1.35,1.35,1.35,1.35,1.48,1.12,1.12,1.8,1.46,1.46,0.95,1.21,0.95,0.95,1.11,1,0.95,3.2,0,0
813,1.4,1.4,1.4,1.4,1.4,1.52,1.13,1.13,1.85,1.49,1.49,0.95,1.21,0.95,0.95,1.11,1,0.95,3.4,0,0
814,1.45,1.45,1.45,1.45,1.45,1.56,1.14,1.14,1.9,1.52,1.52,0.95,1.21,0.95,0.95,1.11,1,0.95,3.6,0,0
815,1.5,1.5,1.5,1.5,1.5,1.6,1.15,1.15,1.95,1.55,1.55,0.95,1.22,0.95,0.95,1.12,1,0.95,3.8,0,0
816,1.55,1.55,1.55,1.55,1.55,1.64,1.16,1.16,2,1.58,1.58,0.95,1.22,0.95,0.95,1.12,1,0.95,4,0,0
817,1.6,1.6,1.6,1.6,1.6,1.68,1.17,1.17,2.05,1.61,1.61,0.95,1.22,0.95,0.95,1.12,1,0.95,4.2,0,0
818,1.65,1.65,1.65,1.65,1.65,1.72,1.18,1.18,2.1,1.64,1.64,0.95,1.23,0.95,0.95,1.13,1,0.95,4.4,0,0
819,1.7,1.7,1.7,1.7,1.7,1.76,1.19,1.19,2.15,1.67,1.67,0.95,1.23,0.95,0.95,1.13,1,0.95,4.6,0,0
820,1.75,1.75,1.75,1.75,1.75,1.8,1.2,1.2,2.2,1.7,1.7,0.95,1.23,0.95,0.95,1.13,1,0.95,4.8,0,0
821,1.8,1.8,1.8,1.8,1.8,1.84,1.22,1.22,2.23,1.72,1.72,0.95,1.24,0.95,0.95,1.14,1,0.95,5,0,0
822,1.85,1.85,1.85,1.85,1.85,1.88,1.24,1.24,2.26,1.74,1.74,0.95,1.24,0.95,0.95,1.14,1,0.95,5.2,0,0
823,1.9,1.9,1.9,1.9,1.9,1.92,1.26,1.26,2.29,1.76,1.76,0.95,1.24,0.95,0.95,1.14,1,0.95,5.4,0,0
824,1.95,1.95,1.95,1.95,1.95,1.96,1.28,1.28,2.32,1.78,1.78,0.95,1.24,0.95,0.95,1.14,1,0.95,5.6,0,0
825,2,2,2,2,2,2,1.3,1.3,2.35,1.8,1.8,0.95,1.25,0.95,0.95,1.15,1,0.95,5.8,0,0
900,0.85,0.85,0.85,0.85,0.85,1,1,1,1,1,1,0.95,1.05,0.95,0.95,0.95,1,0.95,1,0,0
901,0.888,0.888,0.888,0.888,0.888,1.04,1.05,1.05,1.05,1.04,1.04,0.95,1.05,0.95,0.95,0.95,1,0.95,1,0,1
902,0.926,0.926,0.926,0.926,0.926,1.08,1.1,1.1,1.1,1.08,1.08,0.95,1.06,0.95,0.95,0.95,1,0.95,1.2,0,2
903,0.964,0.964,0.964,0.964,0.964,1.12,1.15,1.15,1.15,1.12,1.12,0.95,1.06,0.95,0.95,0.95,1,0.95,1.4,0,3
904,1.002,1.002,1.002,1.002,1.002,1.16,1.2,1.2,1.2,1.16,1.16,0.95,1.07,0.95,0.95,0.95,1,0.95,1.6,0,4
905,1.04,1.04,1.04,1.04,1.04,1.2,1.25,1.25,1.25,1.2,1.2,0.95,1.07,0.95,0.95,0.95,1,0.95,1.8,0,5
906,1.078,1.078,1.078,1.078,1.078,1.24,1.3,1.3,1.3,1.24,1.24,0.95,1.08,0.95,0.95,0.95,1,0.95,2,0,6
907,1.116,1.116,1.116,1.116,1.116,1.28,1.35,1.35,1.35,1.28,1.28,0.95,1.08,0.95,0.95,0.95,1,0.95,2.2,0,7
908,1.154,1.154,1.154,1.154,1.154,1.32,1.4,1.4,1.4,1.32,1.32,0.95,1.09,0.95,0.95,0.95,1,0.95,2.4,0,8
909,1.192,1.192,1.192,1.192,1.192,1.36,1.45,1.45,1.45,1.36,1.36,0.95,1.09,0.95,0.95,0.95,1,0.95,2.6,0,9
910,1.23,1.23,1.23,1.23,1.23,1.4,1.5,1.5,1.5,1.4,1.4,0.95,1.09,0.95,0.95,0.95,1,0.95,2.8,0,10
911,1.268,1.268,1.268,1.268,1.268,1.44,1.53,1.53,1.54,1.43,1.43,0.95,1.1,0.95,0.95,0.95,1,0.95,3,0,11
912,1.306,1.306,1.306,1.306,1.306,1.48,1.56,1.56,1.58,1.46,1.46,0.95,1.1,0.95,0.95,0.95,1,0.95,3.2,0,12
913,1.344,1.344,1.344,1.344,1.344,1.52,1.59,1.59,1.62,1.49,1.49,0.95,1.1,0.95,0.95,0.95,1,0.95,3.4,0,13
914,1.382,1.382,1.382,1.382,1.382,1.56,1.62,1.62,1.66,1.52,1.52,0.95,1.11,0.95,0.95,0.95,1,0.95,3.6,0,14
915,1.42,1.42,1.42,1.42,1.42,1.6,1.65,1.65,1.7,1.55,1.55,0.95,1.11,0.95,0.95,0.95,1,0.95,3.8,0,15
916,1.458,1.458,1.458,1.458,1.458,1.64,1.68,1.68,1.74,1.58,1.58,0.95,1.12,0.95,0.95,0.95,1,0.95,4,0,16
917,1.496,1.496,1.496,1.496,1.496,1.68,1.71,1.71,1.78,1.61,1.61,0.95,1.12,0.95,0.95,0.95,1,0.95,4.2,0,17
918,1.534,1.534,1.534,1.534,1.534,1.72,1.74,1.74,1.82,1.64,1.64,0.95,1.12,0.95,0.95,0.95,1,0.95,4.4,0,18
919,1.572,1.572,1.572,1.572,1.572,1.76,1.77,1.77,1.86,1.67,1.67,0.95,1.13,0.95,0.95,0.95,1,0.95,4.6,0,19
920,1.61,1.61,1.61,1.61,1.61,1.8,1.8,1.8,1.9,1.7,1.7,0.95,1.13,0.95,0.95,0.95,1,0.95,4.8,0,20
921,1.648,1.648,1.648,1.648,1.648,1.84,1.82,1.82,1.92,1.72,1.72,0.95,1.13,0.95,0.95,0.95,1,0.95,5,0,21
922,1.686,1.686,1.686,1.686,1.686,1.88,1.84,1.84,1.94,1.74,1.74,0.95,1.14,0.95,0.95,0.95,1,0.95,5.2,0,22
923,1.724,1.724,1.724,1.724,1.724,1.92,1.86,1.86,1.96,1.76,1.76,0.95,1.14,0.95,0.95,0.95,1,0.95,5.4,0,23
924,1.762,1.762,1.762,1.762,1.762,1.96,1.88,1.88,1.98,1.78,1.78,0.95,1.14,0.95,0.95,0.95,1,0.95,5.6,0,24
925,1.8,1.8,1.8,1.8,1.8,2,1.9,1.9,2,1.8,1.8,0.95,1.15,0.95,0.95,0.95,1,0.95,5.8,0,25
1000,0.85,0.85,0.85,0.85,0.85,1,1,1,1,1,1,0.95,0.95,0.95,0.95,0.95,1,1,1,0,0
1001,0.902,0.902,0.902,0.902,0.902,1.04,1.04,1.04,1.04,1.04,1.03,0.95,0.95,0.95,0.95,0.95,1,1,1,0,1
1002,0.954,0.954,0.954,0.954,0.954,1.08,1.08,1.08,1.08,1.08,1.06,0.95,0.95,0.95,0.95,0.95,1,1,1.2,0,2
1003,1.006,1.006,1.006,1.006,1.006,1.12,1.12,1.12,1.12,1.12,1.09,0.95,0.95,0.95,0.95,0.95,1,1,1.4,0,3
1004,1.058,1.058,1.058,1.058,1.058,1.16,1.16,1.16,1.16,1.16,1.12,0.95,0.95,0.95,0.95,0.95,1,1,1.6,0,4
1005,1.11,1.11,1.11,1.11,1.11,1.2,1.2,1.2,1.2,1.2,1.15,0.95,0.95,0.95,0.95,0.95,1,1,1.8,0,5
1006,1.162,1.162,1.162,1.162,1.162,1.24,1.24,1.24,1.24,1.24,1.18,0.95,0.95,0.95,0.95,0.95,1,1,2,0,6
1007,1.214,1.214,1.214,1.214,1.214,1.28,1.28,1.28,1.28,1.28,1.21,0.95,0.95,0.95,0.95,0.95,1,1,2.2,0,7
1008,1.266,1.266,1.266,1.266,1.266,1.32,1.32,1.32,1.32,1.32,1.24,0.95,0.95,0.95,0.95,0.95,1,1,2.4,0,8
1009,1.318,1.318,1.318,1.318,1.318,1.36,1.36,1.36,1.36,1.36,1.27,0.95,0.95,0.95,0.95,0.95,1,1,2.6,0,9
1010,1.37,1.37,1.37,1.37,1.37,1.4,1.4,1.4,1.4,1.4,1.3,0.95,0.95,0.95,0.95,0.95,1,1,2.8,0,10
1011,1.422,1.422,1.422,1.422,1.422,1.44,1.43,1.43,1.43,1.43,1.31,0.95,0.95,0.95,0.95,0.95,1,1,3,0,11
1012,1.474,1.474,1.474,1.474,1.474,1.48,1.46,1.46,1.46,1.46,1.32,0.95,0.95,0.95,0.95,0.95,1,1,3.2,0,12
1013,1.526,1.526,1.526,1.526,1.526,1.52,1.49,1.49,1.49,1.49,1.33,0.95,0.95,0.95,0.95,0.95,1,1,3.4,0,13
1014,1.578,1.578,1.578,1.578,1.578,1.56,1.52,1.52,1.52,1.52,1.34,0.95,0.95,0.95,0.95,0.95,1,1,3.6,0,14
1015,1.63,1.63,1.63,1.63,1.63,1.6,1.55,1.55,1.55,1.55,1.35,0.95,0.95,0.95,0.95,0.95,1,1,3.8,0,15
1016,1.682,1.682,1.682,1.682,1.682,1.64,1.58,1.58,1.58,1.58,1.36,0.95,0.95,0.95,0.95,0.95,1,1,4,0,16
1017,1.734,1.734,1.734,1.734,1.734,1.68,1.61,1.61,1.61,1.61,1.37,0.95,0.95,0.95,0.95,0.95,1,1,4.2,0,17
1018,1.786,1.786,1.786,1.786,1.786,1.72,1.64,1.64,1.64,1.64,1.38,0.95,0.95,0.95,0.95,0.95,1,1,4.4,0,18
1019,1.838,1.838,1.838,1.838,1.838,1.76,1.67,1.67,1.67,1.67,1.39,0.95,0.95,0.95,0.95,0.95,1,1,4.6,0,19
1020,1.89,1.89,1.89,1.89,1.89,1.8,1.7,1.7,1.7,1.7,1.4,0.95,0.95,0.95,0.95,0.95,1,1,4.8,0,20
1021,1.942,1.942,1.942,1.942,1.942,1.84,1.74,1.74,1.74,1.74,1.41,0.95,0.95,0.95,0.95,0.95,1,1,5,0,21
1022,1.994,1.994,1.994,1.994,1.994,1.88,1.78,1.78,1.78,1.78,1.42,0.95,0.95,0.95,0.95,0.95,1,1,5.2,0,22
1023,2.046,2.046,2.046,2.046,2.046,1.92,1.82,1.82,1.82,1.82,1.43,0.95,0.95,0.95,0.95,0.95,1,1,5.4,0,23
1024,2.098,2.098,2.098,2.098,2.098,1.96,1.86,1.86,1.86,1.86,1.44,0.95,0.95,0.95,0.95,0.95,1,1,5.6,0,24
1025,2.15,2.15,2.15,2.15,2.15,2,1.9,1.9,1.9,1.9,1.45,0.95,0.95,0.95,0.95,0.95,1,1,5.8,0,25
1100,0.85,0.85,0.85,0.85,0.85,1,1,1,1,1,1,0.95,0.95,0.95,0.95,0.95,1,0.95,1,0,0
1101,0.902,0.902,0.902,0.902,0.902,1.04,1.04,1.04,1.04,1.04,1.03,0.95,0.95,0.95,0.95,0.95,1,0.95,1,1,0
1102,0.954,0.954,0.954,0.954,0.954,1.08,1.08,1.08,1.08,1.08,1.06,0.95,0.95,0.95,0.95,0.95,1,0.95,1.2,2,0
1103,1.006,1.006,1.006,1.006,1.006,1.12,1.12,1.12,1.12,1.12,1.09,0.95,0.95,0.95,0.95,0.95,1,0.95,1.4,3,0
1104,1.058,1.058,1.058,1.058,1.058,1.16,1.16,1.16,1.16,1.16,1.12,0.95,0.95,0.95,0.95,0.95,1,0.95,1.6,4,0
1105,1.11,1.11,1.11,1.11,1.11,1.2,1.2,1.2,1.2,1.2,1.15,0.95,0.95,0.95,0.95,0.95,1,0.95,1.8,5,0
1106,1.162,1.162,1.162,1.162,1.162,1.24,1.24,1.24,1.24,1.24,1.18,0.95,0.95,0.95,0.95,0.95,1,0.95,2,6,0
1107,1.214,1.214,1.214,1.214,1.214,1.28,1.28,1.28,1.28,1.28,1.21,0.95,0.95,0.95,0.95,0.95,1,0.95,2.2,7,0
1108,1.266,1.266,1.266,1.266,1.266,1.32,1.32,1.32,1.32,1.32,1.24,0.95,0.95,0.95,0.95,0.95,1,0.95,2.4,8,0
1109,1.318,1.318,1.318,1.318,1.318,1.36,1.36,1.36,1.36,1.36,1.27,0.95,0.95,0.95,0.95,0.95,1,0.95,2.6,9,0
1110,1.37,1.37,1.37,1.37,1.37,1.4,1.4,1.4,1.4,1.4,1.3,0.95,0.95,0.95,0.95,0.95,1,0.95,2.8,10,0
1111,1.422,1.422,1.422,1.422,1.422,1.44,1.43,1.43,1.43,1.43,1.31,0.95,0.95,0.95,0.95,0.95,1,0.95,3,11,0
1112,1.474,1.474,1.474,1.474,1.474,1.48,1.46,1.46,1.46,1.46,1.32,0.95,0.95,0.95,0.95,0.95,1,0.95,3.2,12,0
1113,1.526,1.526,1.526,1.526,1.526,1.52,1.49,1.49,1.49,1.49,1.33,0.95,0.95,0.95,0.95,0.95,1,0.95,3.4,13,0
1114,1.578,1.578,1.578,1.578,1.578,1.56,1.52,1.52,1.52,1.52,1.34,0.95,0.95,0.95,0.95,0.95,1,0.95,3.6,14,0
1115,1.63,1.63,1.63,1.63,1.63,1.6,1.55,1.55,1.55,1.55,1.35,0.95,0.95,0.95,0.95,0.95,1,0.95,3.8,15,0
1116,1.682,1.682,1.682,1.682,1.682,1.64,1.58,1.58,1.58,1.58,1.36,0.95,0.95,0.95,0.95,0.95,1,0.95,4,16,0
1117,1.734,1.734,1.734,1.734,1.734,1.68,1.61,1.61,1.61,1.61,1.37,0.95,0.95,0.95,0.95,0.95,1,0.95,4.2,17,0
1118,1.786,1.786,1.786,1.786,1.786,1.72,1.64,1.64,1.64,1.64,1.38,0.95,0.95,0.95,0.95,0.95,1,0.95,4.4,18,0
1119,1.838,1.838,1.838,1.838,1.838,1.76,1.67,1.67,1.67,1.67,1.39,0.95,0.95,0.95,0.95,0.95,1,0.95,4.6,19,0
1120,1.89,1.89,1.89,1.89,1.89,1.8,1.7,1.7,1.7,1.7,1.4,0.95,0.95,0.95,0.95,0.95,1,0.95,4.8,20,0
1121,1.942,1.942,1.942,1.942,1.942,1.84,1.74,1.74,1.74,1.74,1.41,0.95,0.95,0.95,0.95,0.95,1,0.95,5,21,0
1122,1.994,1.994,1.994,1.994,1.994,1.88,1.78,1.78,1.78,1.78,1.42,0.95,0.95,0.95,0.95,0.95,1,0.95,5.2,22,0
1123,2.046,2.046,2.046,2.046,2.046,1.92,1.82,1.82,1.82,1.82,1.43,0.95,0.95,0.95,0.95,0.95,1,0.95,5.4,23,0
1124,2.098,2.098,2.098,2.098,2.098,1.96,1.86,1.86,1.86,1.86,1.44,0.95,0.95,0.95,0.95,0.95,1,0.95,5.6,24,0
1125,2.15,2.15,2.15,2.15,2.15,2,1.9,1.9,1.9,1.9,1.45,0.95,0.95,0.95,0.95,0.95,1,0.95,5.8,25,0
1200,0.9,0.9,0.9,0.9,0.9,1,0.8,0.8,0.8,0.8,1,1,1,1,1,1,1,1,1,0,0
1201,0.954,0.954,0.954,0.954,0.954,1.04,0.84,0.84,0.84,0.84,1.04,1,1,1,1,1,1.01,1,1,0,0
1202,1.008,1.008,1.008,1.008,1.008,1.08,0.88,0.88,0.88,0.88,1.08,1,1,1,1,1,1.01,1,1.2,0,0
1203,1.062,1.062,1.062,1.062,1.062,1.12,0.92,0.92,0.92,0.92,1.12,1,1,1,1,1,1.02,1,1.4,0,0
1204,1.116,1.116,1.116,1.116,1.116,1.16,0.96,0.96,0.96,0.96,1.16,1,1,1,1,1,1.02,1,1.6,0,0
1205,1.17,1.17,1.17,1.17,1.17,1.2,1,1,1,1,1.2,1,1,1,1,1,1.03,1,1.8,0,0
1206,1.224,1.224,1.224,1.224,1.224,1.24,1.04,1.04,1.04,1.04,1.24,1,1,1,1,1,1.03,1,2,0,0
1207,1.278,1.278,1.278,1.278,1.278,1.28,1.08,1.08,1.08,1.08,1.28,1,1,1,1,1,1.04,1,2.2,0,0
1208,1.332,1.332,1.332,1.332,1.332,1.32,1.12,1.12,1.12,1.12,1.32,1,1,1,1,1,1.04,1,2.4,0,0
1209,1.386,1.386,1.386,1.386,1.386,1.36,1.16,1.16,1.16,1.16,1.36,1,1,1,1,1,1.04,1,2.6,0,0
1210,1.44,1.44,1.44,1.44,1.44,1.4,1.2,1.2,1.2,1.2,1.4,1,1,1,1,1,1.05,1,2.8,0,0
1211,1.494,1.494,1.494,1.494,1.494,1.44,1.22,1.22,1.22,1.22,1.43,1,1,1,1,1,1.05,1,3,0,0
1212,1.548,1.548,1.548,1.548,1.548,1.48,1.24,1.24,1.24,1.24,1.46,1,1,1,1,1,1.05,1,3.2,0,0
1213,1.602,1.602,1.602,1.602,1.602,1.52,1.26,1.26,1.26,1.26,1.49,1,1,1,1,1,1.06,1,3.4,0,0
1214,1.656,1.656,1.656,1.656,1.656,1.56,1.28,1.28,1.28,1.28,1.52,1,1,1,1,1,1.06,1,3.6,0,0
1215,1.71,1.71,1.71,1.71,1.71,1.6,1.3,1.3,1.3,1.3,1.55,1,1,1,1,1,1.06,1,3.8,0,0
1216,1.764,1.764,1.764,1.764,1.764,1.64,1.32,1.32,1.32,1.32,1.58,1,1,1,1,1,1.07,1,4,0,0
1217,1.818,1.818,1.818,1.818,1.818,1.68,1.34,1.34,1.34,1.34,1.61,1,1,1,1,1,1.07,1,4.2,0,0
1218,1.872,1.872,1.872,1.872,1.872,1.72,1.36,1.36,1.36,1.36,1.64,1,1,1,1,1,1.07,1,4.4,0,0
1219,1.926,1.926,1.926,1.926,1.926,1.76,1.38,1.38,1.38,1.38,1.67,1,1,1,1,1,1.08,1,4.6,0,0
1220,1.98,1.98,1.98,1.98,1.98,1.8,1.4,1.4,1.4,1.4,1.7,1,1,1,1,1,1.08,1,4.8,0,0
1221,2.034,2.034,2.034,2.034,2.034,1.84,1.42,1.42,1.42,1.42,1.72,1,1,1,1,1,1.08,1,5,0,0
1222,2.088,2.088,2.088,2.088,2.088,1.88,1.44,1.44,1.44,1.44,1.74,1,1,1,1,1,1.09,1,5.2,0,0
1223,2.142,2.142,2.142,2.142,2.142,1.92,1.46,1.46,1.46,1.46,1.76,1,1,1,1,1,1.09,1,5.4,0,0
1224,2.196,2.196,2.196,2.196,2.196,1.96,1.48,1.48,1.48,1.48,1.78,1,1,1,1,1,1.09,1,5.6,0,0
1225,2.25,2.25,2.25,2.25,2.25,2,1.5,1.5,1.5,1.5,1.8,1,1,1,1,1,1.1,1,5.8,0,0
1600,1,1,1,1,1,1,1,1,1,1,1,1,1,1,1,1,1,1,1,0,0
1601,1.03,1.03,1.03,1.03,1.03,1.04,1.03,1.03,1.03,1.03,1.03,1,1,1,1,1,1,1,1,0,0
1602,1.06,1.06,1.06,1.06,1.06,1.08,1.06,1.06,1.06,1.06,1.06,1,1,1,1,1,1,1,1.2,0,0
1603,1.09,1.09,1.09,1.09,1.09,1.12,1.09,1.09,1.09,1.09,1.09,1,1,1,1,1,1,1,1.4,0,0
1604,1.12,1.12,1.12,1.12,1.12,1.16,1.12,1.12,1.12,1.12,1.12,1,1,1,1,1,1,1,1.6,0,0
1605,1.15,1.15,1.15,1.15,1.15,1.2,1.15,1.15,1.15,1.15,1.15,1,1,1,1,1,1,1,1.8,0,0
1606,1.18,1.18,1.18,1.18,1.18,1.24,1.18,1.18,1.18,1.18,1.18,1,1,1,1,1,1,1,2,0,0
1607,1.21,1.21,1.21,1.21,1.21,1.28,1.21,1.21,1.21,1.21,1.21,1,1,1,1,1,1,1,2.2,0,0
1608,1.24,1.24,1.24,1.24,1.24,1.32,1.24,1.24,1.24,1.24,1.24,1,1,1,1,1,1,1,2.4,0,0
1609,1.27,1.27,1.27,1.27,1.27,1.36,1.27,1.27,1.27,1.27,1.27,1,1,1,1,1,1,1,2.6,0,0
1610,1.3,1.3,1.3,1.3,1.3,1.4,1.2,1.2,1.2,1.2,1.2,1,1,1,1,1,1,1,2.8,0,0
1611,1.33,1.33,1.33,1.33,1.33,1.44,1.22,1.22,1.22,1.22,1.22,1,1,1,1,1,1,1,3,0,0
1612,1.36,1.36,1.36,1.36,1.36,1.48,1.24,1.24,1.24,1.24,1.24,1,1,1,1,1,1,1,3.2,0,0
1613,1.39,1.39,1.39,1.39,1.39,1.52,1.26,1.26,1.26,1.26,1.26,1,1,1,1,1,1,1,3.4,0,0
1614,1.42,1.42,1.42,1.42,1.42,1.56,1.28,1.28,1.28,1.28,1.28,1,1,1,1,1,1,1,3.6,0,0
1615,1.45,1.45,1.45,1.45,1.45,1.6,1.3,1.3,1.3,1.3,1.3,1,1,1,1,1,1,1,3.8,0,0
1616,1.48,1.48,1.48,1.48,1.48,1.64,1.31,1.31,1.31,1.31,1.31,1,1,1,1,1,1,1,4,0,0
1617,1.51,1.51,1.51,1.51,1.51,1.68,1.32,1.32,1.32,1.32,1.32,1,1,1,1,1,1,1,4.2,0,0
1618,1.54,1.54,1.54,1.54,1.54,1.72,1.33,1.33,1.33,1.33,1.33,1,1,1,1,1,1,1,4.4,0,0
1619,1.57,1.57,1.57,1.57,1.57,1.76,1.34,1.34,1.34,1.34,1.34,1,1,1,1,1,1,1,4.6,0,0
1620,1.6,1.6,1.6,1.6,1.6,1.8,1.35,1.35,1.35,1.35,1.35,1,1,1,1,1,1,1,4.8,0,0
1621,1.63,1.63,1.63,1.63,1.63,1.84,1.36,1.36,1.36,1.36,1.36,1,1,1,1,1,1,1,5,0,0
1622,1.66,1.66,1.66,1.66,1.66,1.88,1.37,1.37,1.37,1.37,1.37,1,1,1,1,1,1,1,5.2,0,0
1623,1.69,1.69,1.69,1.69,1.69,1.92,1.38,1.38,1.38,1.38,1.38,1,1,1,1,1,1,1,5.4,0,0
1624,1.72,1.72,1.72,1.72,1.72,1.96,1.39,1.39,1.39,1.39,1.39,1,1,1,1,1,1,1,5.6,0,0
1625,1.75,1.75,1.75,1.75,1.75,2,1.4,1.4,1.4,1.4,1.4,1,1,1,1,1,1,1,5.8,0,0
1700,1,1,1,1,1,1,1,1,1,1,1,1,1,1,1,1,1,1,1,0,0
1701,1.03,1.03,1.03,1.03,1.03,1.04,1.01,1.01,1.01,1.01,1.01,1,1,1,1,1,1,1,1,0,0
1702,1.06,1.06,1.06,1.06,1.06,1.08,1.02,1.02,1.02,1.02,1.02,1,1,1,1,1,1,1,1.2,0,0
1703,1.09,1.09,1.09,1.09,1.09,1.12,1.03,1.03,1.03,1.03,1.03,1,1,1,1,1,1,1,1.4,0,0
1704,1.12,1.12,1.12,1.12,1.12,1.16,1.04,1.04,1.04,1.04,1.04,1,1,1,1,1,1,1,1.6,0,0
1705,1.15,1.15,1.15,1.15,1.15,1.2,1.05,1.05,1.05,1.05,1.05,1,1,1,1,1,1,1,1.8,0,0
1706,1.18,1.18,1.18,1.18,1.18,1.24,1.06,1.06,1.06,1.06,1.06,1,1,1,1,1,1,1,2,0,0
1707,1.21,1.21,1.21,1.21,1.21,1.28,1.07,1.07,1.07,1.07,1.07,1,1,1,1,1,1,1,2.2,0,0
1708,1.24,1.24,1.24,1.24,1.24,1.32,1.08,1.08,1.08,1.08,1.08,1,1,1,1,1,1,1,2.4,0,0
1709,1.27,1.27,1.27,1.27,1.27,1.36,1.09,1.09,1.09,1.09,1.09,1,1,1,1,1,1,1,2.6,0,0
1710,1.3,1.3,1.3,1.3,1.3,1.4,1.1,1.1,1.1,1.1,1.1,1,1,1,1,1,1,1,2.8,0,0
1711,1.33,1.33,1.33,1.33,1.33,1.44,1.11,1.11,1.11,1.11,1.11,1,1,1,1,1,1,1,3,0,0
1712,1.36,1.36,1.36,1.36,1.36,1.48,1.12,1.12,1.12,1.12,1.12,1,1,1,1,1,1,1,3.2,0,0
1713,1.39,1.39,1.39,1.39,1.39,1.52,1.13,1.13,1.13,1.13,1.13,1,1,1,1,1,1,1,3.4,0,0
1714,1.42,1.42,1.42,1.42,1.42,1.56,1.14,1.14,1.14,1.14,1.14,1,1,1,1,1,1,1,3.6,0,0
1715,1.45,1.45,1.45,1.45,1.45,1.6,1.15,1.15,1.15,1.15,1.15,1,1,1,1,1,1,1,3.8,0,0
1716,1.48,1.48,1.48,1.48,1.48,1.64,1.16,1.16,1.16,1.16,1.16,1,1,1,1,1,1,1,4,0,0
1717,1.51,1.51,1.51,1.51,1.51,1.68,1.17,1.17,1.17,1.17,1.17,1,1,1,1,1,1,1,4.2,0,0
1718,1.54,1.54,1.54,1.54,1.54,1.72,1.18,1.18,1.18,1.18,1.18,1,1,1,1,1,1,1,4.4,0,0
1719,1.57,1.57,1.57,1.57,1.57,1.76,1.19,1.19,1.19,1.19,1.19,1,1,1,1,1,1,1,4.6,0,0
1720,1.6,1.6,1.6,1.6,1.6,1.8,1.2,1.2,1.2,1.2,1.2,1,1,1,1,1,1,1,4.8,0,0
1721,1.63,1.63,1.63,1.63,1.63,1.84,1.21,1.21,1.21,1.21,1.21,1,1,1,1,1,1,1,5,0,0
1722,1.66,1.66,1.66,1.66,1.66,1.88,1.22,1.22,1.22,1.22,1.22,1,1,1,1,1,1,1,5.2,0,0
1723,1.69,1.69,1.69,1.69,1.69,1.92,1.23,1.23,1.23,1.23,1.23,1,1,1,1,1,1,1,5.4,0,0
1724,1.72,1.72,1.72,1.72,1.72,1.96,1.24,1.24,1.24,1.24,1.24,1,1,1,1,1,1,1,5.6,0,0
1725,1.75,1.75,1.75,1.75,1.75,2,1.25,1.25,1.25,1.25,1.25,1,1,1,1,1,1,1,5.8,0,0
1800,1,1,1,1,1,1,1,1,1,1,1,1,1,1,1,1,1,1,1,0,0
1801,1.03,1.03,1.03,1.03,1.03,1.04,1.03,1.03,1.03,1.03,1.03,1,1,1,1,1,1,1,1,0,0
1802,1.06,1.06,1.06,1.06,1.06,1.08,1.06,1.06,1.06,1.06,1.06,1,1,1,1,1,1,1,1.2,0,0
1803,1.09,1.09,1.09,1.09,1.09,1.12,1.09,1.09,1.09,1.09,1.09,1,1,1,1,1,1,1,1.4,0,0
1804,1.12,1.12,1.12,1.12,1.12,1.16,1.12,1.12,1.12,1.12,1.12,1,1,1,1,1,1,1,1.6,0,0
1805,1.15,1.15,1.15,1.15,1.15,1.2,1.15,1.15,1.15,1.15,1.15,1,1,1,1,1,1,1,1.8,0,0
1806,1.18,1.18,1.18,1.18,1.18,1.24,1.18,1.18,1.18,1.18,1.18,1,1,1,1,1,1,1,2,0,0
1807,1.21,1.21,1.21,1.21,1.21,1.28,1.21,1.21,1.21,1.21,1.21,1,1,1,1,1,1,1,2.2,0,0
1808,1.24,1.24,1.24,1.24,1.24,1.32,1.24,1.24,1.24,1.24,1.24,1,1,1,1,1,1,1,2.4,0,0
1809,1.27,1.27,1.27,1.27,1.27,1.36,1.27,1.27,1.27,1.27,1.27,1,1,1,1,1,1,1,2.6,0,0
1810,1.3,1.3,1.3,1.3,1.3,1.4,1.3,1.3,1.3,1.3,1.3,1,1,1,1,1,1,1,2.8,0,0
1811,1.33,1.33,1.33,1.33,1.33,1.44,1.32,1.32,1.32,1.32,1.32,1,1,1,1,1,1,1,3,0,0
1812,1.36,1.36,1.36,1.36,1.36,1.48,1.34,1.34,1.34,1.34,1.34,1,1,1,1,1,1,1,3.2,0,0
1813,1.39,1.39,1.39,1.39,1.39,1.52,1.36,1.36,1.36,1.36,1.36,1,1,1,1,1,1,1,3.4,0,0
1814,1.42,1.42,1.42,1.42,1.42,1.56,1.38,1.38,1.38,1.38,1.38,1,1,1,1,1,1,1,3.6,0,0
1815,1.45,1.45,1.45,1.45,1.45,1.6,1.4,1.4,1.4,1.4,1.4,1,1,1,1,1,1,1,3.8,0,0
1816,1.48,1.48,1.48,1.48,1.48,1.64,1.42,1.42,1.42,1.42,1.42,1,1,1,1,1,1,1,4,0,0
1817,1.51,1.51,1.51,1.51,1.51,1.68,1.44,1.44,1.44,1.44,1.44,1,1,1,1,1,1,1,4.2,0,0
1818,1.54,1.54,1.54,1.54,1.54,1.72,1.46,1.46,1.46,1.46,1.46,1,1,1,1,1,1,1,4.4,0,0
1819,1.57,1.57,1.57,1.57,1.57,1.76,1.48,1.48,1.48,1.48,1.48,1,1,1,1,1,1,1,4.6,0,0
1820,1.6,1.6,1.6,1.6,1.6,1.8,1.5,1.5,1.5,1.5,1.5,1,1,1,1,1,1,1,4.8,0,0
1821,1.63,1.63,1.63,1.63,1.63,1.84,1.52,1.52,1.52,1.52,1.52,1,1,1,1,1,1,1,5,0,0
1822,1.66,1.66,1.66,1.66,1.66,1.88,1.54,1.54,1.54,1.54,1.54,1,1,1,1,1,1,1,5.2,0,0
1823,1.69,1.69,1.69,1.69,1.69,1.92,1.56,1.56,1.56,1.56,1.56,1,1,1,1,1,1,1,5.4,0,0
1824,1.72,1.72,1.72,1.72,1.72,1.96,1.58,1.58,1.58,1.58,1.58,1,1,1,1,1,1,1,5.6,0,0
1825,1.75,1.75,1.75,1.75,1.75,2,1.6,1.6,1.6,1.6,1.6,1,1,1,1,1,1,1,5.8,0,0
1900,1,1,1,1,1,1,1,1,1,1,1,1,1,1,1,1,1,1,1,0,0
1901,1.03,1.03,1.03,1.03,1.03,1.04,1.08,1.08,1.08,1.08,1.08,1,1,1,1,1,1,1,1,0,0
1902,1.06,1.06,1.06,1.06,1.06,1.08,1.16,1.16,1.16,1.16,1.16,1,1,1,1,1,1,1,1.2,0,0
1903,1.09,1.09,1.09,1.09,1.09,1.12,1.24,1.24,1.24,1.24,1.24,1,1,1,1,1,1,1,1.4,0,0
1904,1.12,1.12,1.12,1.12,1.12,1.16,1.32,1.32,1.32,1.32,1.32,1,1,1,1,1,1,1,1.6,0,0
1905,1.15,1.15,1.15,1.15,1.15,1.2,1.4,1.4,1.4,1.4,1.4,1,1,1,1,1,1,1,1.8,0,0
1906,1.18,1.18,1.18,1.18,1.18,1.24,1.48,1.48,1.48,1.48,1.48,1,1,1,1,1,1,1,2,0,0
1907,1.21,1.21,1.21,1.21,1.21,1.28,1.56,1.56,1.56,1.56,1.56,1,1,1,1,1,1,1,2.2,0,0
1908,1.24,1.24,1.24,1.24,1.24,1.32,1.64,1.64,1.64,1.64,1.64,1,1,1,1,1,1,1,2.4,0,0
1909,1.27,1.27,1.27,1.27,1.27,1.36,1.72,1.72,1.72,1.72,1.72,1,1,1,1,1,1,1,2.6,0,0
1910,1.3,1.3,1.3,1.3,1.3,1.4,1.8,1.8,1.8,1.8,1.8,1,1,1,1,1,1,1,2.8,0,0
1911,1.33,1.33,1.33,1.33,1.33,1.44,1.88,1.88,1.88,1.88,1.88,1,1,1,1,1,1,1,3,0,0
1912,1.36,1.36,1.36,1.36,1.36,1.48,1.96,1.96,1.96,1.96,1.96,1,1,1,1,1,1,1,3.2,0,0
1913,1.39,1.39,1.39,1.39,1.39,1.52,2.04,2.04,2.04,2.04,2.04,1,1,1,1,1,1,1,3.4,0,0
1914,1.42,1.42,1.42,1.42,1.42,1.56,2.12,2.12,2.12,2.12,2.12,1,1,1,1,1,1,1,3.6,0,0
1915,1.45,1.45,1.45,1.45,1.45,1.6,2.2,2.2,2.2,2.2,2.2,1,1,1,1,1,1,1,3.8,0,0
1916,1.48,1.48,1.48,1.48,1.48,1.64,2.28,2.28,2.28,2.28,2.28,1,1,1,1,1,1,1,4,0,0
1917,1.51,1.51,1.51,1.51,1.51,1.68,2.36,2.36,2.36,2.36,2.36,1,1,1,1,1,1,1,4.2,0,0
1918,1.54,1.54,1.54,1.54,1.54,1.72,2.44,2.44,2.44,2.44,2.44,1,1,1,1,1,1,1,4.4,0,0
1919,1.57,1.57,1.57,1.57,1.57,1.76,2.52,2.52,2.52,2.52,2.52,1,1,1,1,1,1,1,4.6,0,0
1920,1.6,1.6,1.6,1.6,1.6,1.8,2.6,2.6,2.6,2.6,2.6,1,1,1,1,1,1,1,4.8,0,0
1921,1.63,1.63,1.63,1.63,1.63,1.84,2.68,2.68,2.68,2.68,2.68,1,1,1,1,1,1,1,5,0,0
1922,1.66,1.66,1.66,1.66,1.66,1.88,2.76,2.76,2.76,2.76,2.76,1,1,1,1,1,1,1,5.2,0,0
1923,1.69,1.69,1.69,1.69,1.69,1.92,2.84,2.84,2.84,2.84,2.84,1,1,1,1,1,1,1,5.4,0,0
1924,1.72,1.72,1.72,1.72,1.72,1.96,2.92,2.92,2.92,2.92,2.92,1,1,1,1,1,1,1,5.6,0,0
1925,1.75,1.75,1.75,1.75,1.75,2,3,3,3,3,3,1,1,1,1,1,1,1,5.8,0,0
2000,1,1,1,1,1,1,1,1,1,1,1,1,1,1,1,1,1,1,1,0,0
2001,1.03,1.03,1.03,1.03,1.03,1.04,1.05,1.05,1.05,1.05,1.05,1,1,1,1,1,1,1,1,0,0
2002,1.06,1.06,1.06,1.06,1.06,1.08,1.1,1.1,1.1,1.1,1.1,1,1,1,1,1,1,1,1.2,0,0
2003,1.09,1.09,1.09,1.09,1.09,1.12,1.15,1.15,1.15,1.15,1.15,1,1,1,1,1,1,1,1.4,0,0
2004,1.12,1.12,1.12,1.12,1.12,1.16,1.2,1.2,1.2,1.2,1.2,1,1,1,1,1,1,1,1.6,0,0
2005,1.15,1.15,1.15,1.15,1.15,1.2,1.25,1.25,1.25,1.25,1.25,1,1,1,1,1,1,1,1.8,0,0
2006,1.18,1.18,1.18,1.18,1.18,1.24,1.3,1.3,1.3,1.3,1.3,1,1,1,1,1,1,1,2,0,0
2007,1.21,1.21,1.21,1.21,1.21,1.28,1.35,1.35,1.35,1.35,1.35,1,1,1,1,1,1,1,2.2,0,0
2008,1.24,1.24,1.24,1.24,1.24,1.32,1.4,1.4,1.4,1.4,1.4,1,1,1,1,1,1,1,2.4,0,0
2009,1.27,1.27,1.27,1.27,1.27,1.36,1.43,1.43,1.43,1.43,1.43,1,1,1,1,1,1,1,2.6,0,0
2010,1.3,1.3,1.3,1.3,1.3,1.4,1.45,1.45,1.45,1.45,1.45,1,1,1,1,1,1,1,2.8,0,0
2011,1.33,1.33,1.33,1.33,1.33,1.44,1.47,1.47,1.47,1.47,1.47,1,1,1,1,1,1,1,3,0,0
2012,1.36,1.36,1.36,1.36,1.36,1.48,1.49,1.49,1.49,1.49,1.49,1,1,1,1,1,1,1,3.2,0,0
2013,1.39,1.39,1.39,1.39,1.39,1.52,1.51,1.51,1.51,1.51,1.51,1,1,1,1,1,1,1,3.4,0,0
2014,1.42,1.42,1.42,1.42,1.42,1.56,1.53,1.53,1.53,1.53,1.53,1,1,1,1,1,1,1,3.6,0,0
2015,1.45,1.45,1.45,1.45,1.45,1.6,1.55,1.55,1.55,1.55,1.55,1,1,1,1,1,1,1,3.8,0,0
2016,1.48,1.48,1.48,1.48,1.48,1.64,1.57,1.57,1.57,1.57,1.57,1,1,1,1,1,1,1,4,0,0
2017,1.51,1.51,1.51,1.51,1.51,1.68,1.59,1.59,1.59,1.59,1.59,1,1,1,1,1,1,1,4.2,0,0
2018,1.54,1.54,1.54,1.54,1.54,1.72,1.6,1.6,1.6,1.6,1.6,1,1,1,1,1,1,1,4.4,0,0
2019,1.57,1.57,1.57,1.57,1.57,1.76,1.62,1.62,1.62,1.62,1.62,1,1,1,1,1,1,1,4.6,0,0
2020,1.6,1.6,1.6,1.6,1.6,1.8,1.64,1.64,1.64,1.64,1.64,1,1,1,1,1,1,1,4.8,0,0
2021,1.63,1.63,1.63,1.63,1.63,1.84,1.65,1.65,1.65,1.65,1.65,1,1,1,1,1,1,1,5,0,0
2022,1.66,1.66,1.66,1.66,1.66,1.88,1.66,1.66,1.66,1.66,1.66,1,1,1,1,1,1,1,5.2,0,0
2023,1.69,1.69,1.69,1.69,1.69,1.92,1.67,1.67,1.67,1.67,1.67,1,1,1,1,1,1,1,5.4,0,0
2024,1.72,1.72,1.72,1.72,1.72,1.96,1.68,1.68,1.68,1.68,1.68,1,1,1,1,1,1,1,5.6,0,0
2025,1.75,1.75,1.75,1.75,1.75,2,1.69,1.69,1.69,1.69,1.69,1,1,1,1,1,1,1,5.8,0,0
2100,1,1,1,1,1,1,1,1,1,1,1,1,1,1,1,1,1,1,1,0,0
2101,1.03,1.03,1.03,1.03,1.03,1.04,1.07,1.07,1.07,1.07,1.07,1,1,1,1,1,1,1,1,0,0
2102,1.06,1.06,1.06,1.06,1.06,1.08,1.14,1.14,1.14,1.14,1.14,1,1,1,1,1,1,1,1.2,0,0
2103,1.09,1.09,1.09,1.09,1.09,1.12,1.21,1.21,1.21,1.21,1.21,1,1,1,1,1,1,1,1.4,0,0
2104,1.12,1.12,1.12,1.12,1.12,1.16,1.28,1.28,1.28,1.28,1.28,1,1,1,1,1,1,1,1.6,0,0
2105,1.15,1.15,1.15,1.15,1.15,1.2,1.35,1.35,1.35,1.35,1.35,1,1,1,1,1,1,1,1.8,0,0
2106,1.18,1.18,1.18,1.18,1.18,1.24,1.42,1.42,1.42,1.42,1.42,1,1,1,1,1,1,1,2,0,0
2107,1.21,1.21,1.21,1.21,1.21,1.28,1.49,1.49,1.49,1.49,1.49,1,1,1,1,1,1,1,2.2,0,0
2108,1.24,1.24,1.24,1.24,1.24,1.32,1.56,1.56,1.56,1.56,1.56,1,1,1,1,1,1,1,2.4,0,0
2109,1.27,1.27,1.27,1.27,1.27,1.36,1.63,1.63,1.63,1.63,1.63,1,1,1,1,1,1,1,2.6,0,0
2110,1.3,1.3,1.3,1.3,1.3,1.4,1.7,1.7,1.7,1.7,1.7,1,1,1,1,1,1,1,2.8,0,0
2111,1.33,1.33,1.33,1.33,1.33,1.44,1.73,1.73,1.73,1.73,1.73,1,1,1,1,1,1,1,3,0,0
2112,1.36,1.36,1.36,1.36,1.36,1.48,1.76,1.76,1.76,1.76,1.76,1,1,1,1,1,1,1,3.2,0,0
2113,1.39,1.39,1.39,1.39,1.39,1.52,1.79,1.79,1.79,1.79,1.79,1,1,1,1,1,1,1,3.4,0,0
2114,1.42,1.42,1.42,1.42,1.42,1.56,1.82,1.82,1.82,1.82,1.82,1,1,1,1,1,1,1,3.6,0,0
2115,1.45,1.45,1.45,1.45,1.45,1.6,1.85,1.85,1.85,1.85,1.85,1,1,1,1,1,1,1,3.8,0,0
2116,1.48,1.48,1.48,1.48,1.48,1.64,1.88,1.88,1.88,1.88,1.88,1,1,1,1,1,1,1,4,0,0
2117,1.51,1.51,1.51,1.51,1.51,1.68,1.91,1.91,1.91,1.91,1.91,1,1,1,1,1,1,1,4.2,0,0
2118,1.54,1.54,1.54,1.54,1.54,1.72,1.94,1.94,1.94,1.94,1.94,1,1,1,1,1,1,1,4.4,0,0
2119,1.57,1.57,1.57,1.57,1.57,1.76,1.97,1.97,1.97,1.97,1.97,1,1,1,1,1,1,1,4.6,0,0
2120,1.6,1.6,1.6,1.6,1.6,1.8,2,2,2,2,2,1,1,1,1,1,1,1,4.8,0,0
2121,1.63,1.63,1.63,1.63,1.63,1.84,2.02,2.02,2.02,2.02,2.02,1,1,1,1,1,1,1,5,0,0
2122,1.66,1.66,1.66,1.66,1.66,1.88,2.04,2.04,2.04,2.04,2.04,1,1,1,1,1,1,1,5.2,0,0
2123,1.69,1.69,1.69,1.69,1.69,1.92,2.06,2.06,2.06,2.06,2.06,1,1,1,1,1,1,1,5.4,0,0
2124,1.72,1.72,1.72,1.72,1.72,1.96,2.08,2.08,2.08,2.08,2.08,1,1,1,1,1,1,1,5.6,0,0
2125,1.75,1.75,1.75,1.75,1.75,2,2.1,2.1,2.1,2.1,2.1,1,1,1,1,1,1,1,5.8,0,0
2200,1,1,1,1,1,1,1,1,1,1,1,1,1,1,1,1,1,1,1,0,0
2201,1.145,1.145,1.145,1.145,1.145,1.1,1.08,1.08,1.08,1.08,1.08,1,1,1,1,1,1.01,1,1,0,0
2202,1.29,1.29,1.29,1.29,1.29,1.2,1.16,1.16,1.16,1.16,1.16,1,1,1,1,1,1.02,1,1.5,0,0
2203,1.435,1.435,1.435,1.435,1.435,1.3,1.24,1.24,1.24,1.24,1.24,1,1,1,1,1,1.03,1,2,0,0
2204,1.58,1.58,1.58,1.58,1.58,1.4,1.32,1.32,1.32,1.32,1.32,1,1,1,1,1,1.04,1,2.5,0,0
2205,1.725,1.725,1.725,1.725,1.725,1.5,1.4,1.4,1.4,1.4,1.4,1,1,1,1,1,1.05,1,3,0,0
2206,1.87,1.87,1.87,1.87,1.87,1.6,1.48,1.48,1.48,1.48,1.48,1,1,1,1,1,1.06,1,3.5,0,0
2207,2.015,2.015,2.015,2.015,2.015,1.7,1.56,1.56,1.56,1.56,1.56,1,1,1,1,1,1.07,1,4,0,0
2208,2.16,2.16,2.16,2.16,2.16,1.8,1.64,1.64,1.64,1.64,1.64,1,1,1,1,1,1.08,1,4.5,0,0
2209,2.305,2.305,2.305,2.305,2.305,1.9,1.72,1.72,1.72,1.72,1.72,1,1,1,1,1,1.09,1,5,0,0
2210,2.45,2.45,2.45,2.45,2.45,2,1.8,1.8,1.8,1.8,1.8,1,1,1,1,1,1.1,1,6,0,0
2400,1,1,1,1,1,1,1,1,1,1,1,1,1,1,1,1,1,1,1,0,0
2401,1.145,1.145,1.145,1.145,1.145,1.1,1.2,1.2,1.2,1.2,1.2,1,1,1,1,1,1,1,1,0,0
2402,1.29,1.29,1.29,1.29,1.29,1.2,1.4,1.4,1.4,1.4,1.4,1,1,1,1,1,1,1,1.5,0,0
2403,1.435,1.435,1.435,1.435,1.435,1.3,1.6,1.6,1.6,1.6,1.6,1,1,1,1,1,1,1,2,0,0
2404,1.58,1.58,1.58,1.58,1.58,1.4,1.8,1.8,1.8,1.8,1.8,1,1,1,1,1,1,1,2.5,0,0
2405,1.725,1.725,1.725,1.725,1.725,1.5,2,2,2,2,2,1,1,1,1,1,1,1,3,0,0
2406,1.87,1.87,1.87,1.87,1.87,1.6,2.2,2.2,2.2,2.2,2.2,1,1,1,1,1,1,1,3.5,0,0
2407,2.015,2.015,2.015,2.015,2.015,1.7,2.4,2.4,2.4,2.4,2.4,1,1,1,1,1,1,1,4,0,0
2408,2.16,2.16,2.16,2.16,2.16,1.8,2.6,2.6,2.6,2.6,2.6,1,1,1,1,1,1,1,4.5,0,0
2409,2.305,2.305,2.305,2.305,2.305,1.9,2.8,2.8,2.8,2.8,2.8,1,1,1,1,1,1,1,5,0,0
2410,2.45,2.45,2.45,2.45,2.45,2,3,3,3,3,3,1,1,1,1,1,1,1,6,0,0
2500,1,1,1,1,1,1,1,1,1,1,1,1,1,1,1,1,1,1,1,0,0
2501,1.0756,1.0756,1.0756,1.0756,1.0756,1.088,1.15,1.15,1.15,1.15,1.15,1,1,1,1,1,1,1,1,0,0
2502,1.1512,1.1512,1.1512,1.1512,1.1512,1.176,1.3,1.3,1.3,1.3,1.3,1,1,1,1,1,1,1,1.5,0,0
2503,1.2268,1.2268,1.2268,1.2268,1.2268,1.264,1.45,1.45,1.45,1.45,1.45,1,1,1,1,1,1,1,2,0,0
2504,1.3024,1.3024,1.3024,1.3024,1.3024,1.352,1.5,1.5,1.5,1.5,1.5,1,1,1,1,1,1,1,2.5,0,0
2505,1.378,1.378,1.378,1.378,1.378,1.44,1.55,1.55,1.55,1.55,1.55,1,1,1,1,1,1,1,3,0,0
2506,1.4536,1.4536,1.4536,1.4536,1.4536,1.528,1.6,1.6,1.6,1.6,1.6,1,1,1,1,1,1,1,3.5,0,0
2507,1.5292,1.5292,1.5292,1.5292,1.5292,1.616,1.63,1.63,1.63,1.63,1.63,1,1,1,1,1,1,1,4,0,0
2508,1.6048,1.6048,1.6048,1.6048,1.6048,1.704,1.66,1.66,1.66,1.66,1.66,1,1,1,1,1,1,1,4.5,0,0
2509,1.6804,1.6804,1.6804,1.6804,1.6804,1.792,1.69,1.69,1.69,1.69,1.69,1,1,1,1,1,1,1,5,0,0
2510,1.75,1.75,1.75,1.75,1.75,2,1.73,1.73,1.73,1.73,1.73,1,1,1,1,1,1,1,6,0,0
2600,1,1,1,1,1,1,1,1,1,1,1,1,1,1,1,1,1,1,1,0,0
2601,1.075,1.075,1.075,1.075,1.075,1.1,1.15,1.15,1.15,1.15,1.15,1,1,1,1,1,1,1,1,0,0
2602,1.15,1.15,1.15,1.15,1.15,1.2,1.3,1.3,1.3,1.3,1.3,1,1,1,1,1,1,1,1.5,0,0
2603,1.225,1.225,1.225,1.225,1.225,1.3,1.45,1.45,1.45,1.45,1.45,1,1,1,1,1,1,1,2,0,0
2604,1.3,1.3,1.3,1.3,1.3,1.4,1.6,1.6,1.6,1.6,1.6,1,1,1,1,1,1,1,2.5,0,0
2605,1.375,1.375,1.375,1.375,1.375,1.5,1.75,1.75,1.75,1.75,1.75,1,1,1,1,1,1,1,3,0,0
2606,1.45,1.45,1.45,1.45,1.45,1.6,1.9,1.9,1.9,1.9,1.9,1,1,1,1,1,1,1,3.5,0,0
2607,1.525,1.525,1.525,1.525,1.525,1.7,2.05,2.05,2.05,2.05,2.05,1,1,1,1,1,1,1,4,0,0
2608,1.6,1.6,1.6,1.6,1.6,1.8,2.2,2.2,2.2,2.2,2.2,1,1,1,1,1,1,1,4.5,0,0
2609,1.675,1.675,1.675,1.675,1.675,1.9,2.35,2.35,2.35,2.35,2.35,1,1,1,1,1,1,1,5,0,0
2610,1.75,1.75,1.75,1.75,1.75,2,2.5,2.5,2.5,2.5,2.5,1,1,1,1,1,1,1,6,0,0
2700,1,1,1,1,1,1,1,1,1,1,1,1,1,1,1,1,1,1,1,0,0
2701,1.075,1.075,1.075,1.075,1.075,1.1,1.05,1.05,1.05,1.05,1.05,1,1,1,1,1,1,1,1,0,0
2702,1.15,1.15,1.15,1.15,1.15,1.2,1.1,1.1,1.1,1.1,1.1,1,1,1,1,1,1,1,1.5,0,0
2703,1.225,1.225,1.225,1.225,1.225,1.3,1.15,1.15,1.15,1.15,1.15,1,1,1,1,1,1,1,2,0,0
2704,1.3,1.3,1.3,1.3,1.3,1.4,1.2,1.2,1.2,1.2,1.2,1,1,1,1,1,1,1,2.5,0,0
2705,1.375,1.375,1.375,1.375,1.375,1.5,1.24,1.24,1.24,1.24,1.24,1,1,1,1,1,1,1,3,0,0
2706,1.45,1.45,1.45,1.45,1.45,1.6,1.28,1.28,1.28,1.28,1.28,1,1,1,1,1,1,1,3.5,0,0
2707,1.525,1.525,1.525,1.525,1.525,1.7,1.31,1.31,1.31,1.31,1.31,1,1,1,1,1,1,1,4,0,0
2708,1.6,1.6,1.6,1.6,1.6,1.8,1.34,1.34,1.34,1.34,1.34,1,1,1,1,1,1,1,4.5,0,0
2709,1.675,1.675,1.675,1.675,1.675,1.9,1.37,1.37,1.37,1.37,1.37,1,1,1,1,1,1,1,5,0,0
2710,1.75,1.75,1.75,1.75,1.75,2,1.4,1.4,1.4,1.4,1.4,1,1,1,1,1,1,1,6,0,0
2800,1,1,1,1,1,1,1,1,1,1,1,1,1,1,1,1,1,1,1,0,0
2801,1.075,1.075,1.075,1.075,1.075,1.1,1.05,1.05,1.05,1.05,1.05,1,1,1,1,1,1,1,1,0,0
2802,1.15,1.15,1.15,1.15,1.15,1.2,1.1,1.1,1.1,1.1,1.1,1,1,1,1,1,1,1,1.5,0,0
2803,1.225,1.225,1.225,1.225,1.225,1.3,1.15,1.15,1.15,1.15,1.15,1,1,1,1,1,1,1,2,0,0
2804,1.3,1.3,1.3,1.3,1.3,1.4,1.2,1.2,1.2,1.2,1.2,1,1,1,1,1,1,1,2.5,0,0
2805,1.375,1.375,1.375,1.375,1.375,1.5,1.27,1.27,1.27,1.27,1.27,1,1,1,1,1,1,1,3,0,0
2806,1.45,1.45,1.45,1.45,1.45,1.6,1.34,1.34,1.34,1.34,1.34,1,1,1,1,1,1,1,3.5,0,0
2807,1.525,1.525,1.525,1.525,1.525,1.7,1.41,1.41,1.41,1.41,1.41,1,1,1,1,1,1,1,4,0,0
2808,1.6,1.6,1.6,1.6,1.6,1.8,1.48,1.48,1.48,1.48,1.48,1,1,1,1,1,1,1,4.5,0,0
2809,1.675,1.675,1.675,1.675,1.675,1.9,1.52,1.52,1.52,1.52,1.52,1,1,1,1,1,1,1,5,0,0
2810,1.75,1.75,1.75,1.75,1.75,2,1.6,1.6,1.6,1.6,1.6,1,1,1,1,1,1,1,6,0,0
3000,1,1,1,1,1,1,1,1,1,1,1,1,1,1,1,1,1,1,1,0,0
3100,0.9,0.9,0.9,0.9,0.9,1,0,0,0,0,0,1,1,1,1,1,1,1,1,0,0
3101,1.024,1.024,1.024,1.024,1.024,1.04,0,0,0,0,0,1,1,1,1,1,1,1,1.2,0,0
3102,1.148,1.148,1.148,1.148,1.148,1.08,0,0,0,0,0,1,1,1,1,1,1,1,1.4,0,0
3103,1.272,1.272,1.272,1.272,1.272,1.12,0,0,0,0,0,1,1,1,1,1,1,1,1.6,0,0
3104,1.396,1.396,1.396,1.396,1.396,1.16,0,0,0,0,0,1,1,1,1,1,1,1,1.8,0,0
3105,1.52,1.52,1.52,1.52,1.52,1.2,0,0,0,0,0,1,1,1,1,1,1,1,2,0,0
3106,1.644,1.644,1.644,1.644,1.644,1.24,0,0,0,0,0,1,1,1,1,1,1,1,2.2,0,0
3107,1.768,1.768,1.768,1.768,1.768,1.28,0,0,0,0,0,1,1,1,1,1,1,1,2.4,0,0
3108,1.892,1.892,1.892,1.892,1.892,1.32,0,0,0,0,0,1,1,1,1,1,1,1,2.6,0,0
3109,2.016,2.016,2.016,2.016,2.016,1.36,0,0,0,0,0,1,1,1,1,1,1,1,2.8,0,0
3110,2.14,2.14,2.14,2.14,2.14,1.4,0,0,0,0,0,1,1,1,1,1,1,1,3,0,0
3111,2.264,2.264,2.264,2.264,2.264,1.44,0,0,0,0,0,1,1,1,1,1,1,1,3.2,0,0
3112,2.388,2.388,2.388,2.388,2.388,1.48,0,0,0,0,0,1,1,1,1,1,1,1,3.4,0,0
3113,2.512,2.512,2.512,2.512,2.512,1.52,0,0,0,0,0,1,1,1,1,1,1,1,3.6,0,0
3114,2.636,2.636,2.636,2.636,2.636,1.56,0,0,0,0,0,1,1,1,1,1,1,1,3.8,0,0
3115,2.76,2.76,2.76,2.76,2.76,1.6,0,0,0,0,0,1,1,1,1,1,1,1,4,0,0
3116,2.884,2.884,2.884,2.884,2.884,1.64,0,0,0,0,0,1,1,1,1,1,1,1,4.2,0,0
3117,3.008,3.008,3.008,3.008,3.008,1.68,0,0,0,0,0,1,1,1,1,1,1,1,4.4,0,0
3118,3.132,3.132,3.132,3.132,3.132,1.72,0,0,0,0,0,1,1,1,1,1,1,1,4.6,0,0
3119,3.256,3.256,3.256,3.256,3.256,1.76,0,0,0,0,0,1,1,1,1,1,1,1,4.8,0,0
3120,3.38,3.38,3.38,3.38,3.38,1.8,0,0,0,0,0,1,1,1,1,1,1,1,5,0,0
3121,3.504,3.504,3.504,3.504,3.504,1.84,0,0,0,0,0,1,1,1,1,1,1,1,5.2,0,0
3122,3.628,3.628,3.628,3.628,3.628,1.88,0,0,0,0,0,1,1,1,1,1,1,1,5.4,0,0
3123,3.752,3.752,3.752,3.752,3.752,1.92,0,0,0,0,0,1,1,1,1,1,1,1,5.6,0,0
3124,3.876,3.876,3.876,3.876,3.876,1.96,0,0,0,0,0,1,1,1,1,1,1,1,5.8,0,0
3125,4,4,4,4,4,2,0,0,0,0,0,1,1,1,1,1,1,1,6,0,0
3200,1,1,1,1,1,1,0,0,0,0,0,1,1,1,1,1,1,1,1,0,0
3201,1.25,1.25,1.25,1.25,1.25,1.1,0,0,0,0,0,1,1,1,1,1,1,1,1,0,0
3202,1.5,1.5,1.5,1.5,1.5,1.2,0,0,0,0,0,1,1,1,1,1,1,1,1.2,0,0
3203,1.75,1.75,1.75,1.75,1.75,1.3,0,0,0,0,0,1,1,1,1,1,1,1,1.4,0,0
3204,2,2,2,2,2,1.4,0,0,0,0,0,1,1,1,1,1,1,1,1.6,0,0
3205,2.25,2.25,2.25,2.25,2.25,1.5,0,0,0,0,0,1,1,1,1,1,1,1,1.8,0,0
3206,2.5,2.5,2.5,2.5,2.5,1.6,0,0,0,0,0,1,1,1,1,1,1,1,2,0,0
3207,2.75,2.75,2.75,2.75,2.75,1.7,0,0,0,0,0,1,1,1,1,1,1,1,2.2,0,0
3208,3,3,3,3,3,1.8,0,0,0,0,0,1,1,1,1,1,1,1,2.4,0,0
3209,3.25,3.25,3.25,3.25,3.25,1.9,0,0,0,0,0,1,1,1,1,1,1,1,2.6,0,0
3210,3.5,3.5,3.5,3.5,3.5,2,0,0,0,0,0,1,1,1,1,1,1,1,3,0,0
3300,1,1,1,1,1,1,0,0,0,0,0,1,1,1,1,1,1,1,1,0,0
3301,1.125,1.125,1.125,1.125,1.125,1.1,0,0,0,0,0,1,1,1,1,1,1,1,1,0,0
3302,1.25,1.25,1.25,1.25,1.25,1.2,0,0,0,0,0,1,1,1,1,1,1,1,1.2,0,0
3303,1.375,1.375,1.375,1.375,1.375,1.3,0,0,0,0,0,1,1,1,1,1,1,1,1.4,0,0
3304,1.5,1.5,1.5,1.5,1.5,1.4,0,0,0,0,0,1,1,1,1,1,1,1,1.6,0,0
3305,1.625,1.625,1.625,1.625,1.625,1.5,0,0,0,0,0,1,1,1,1,1,1,1,1.8,0,0
3306,1.75,1.75,1.75,1.75,1.75,1.6,0,0,0,0,0,1,1,1,1,1,1,1,2,0,0
3307,1.875,1.875,1.875,1.875,1.875,1.7,0,0,0,0,0,1,1,1,1,1,1,1,2.2,0,0
3308,2,2,2,2,2,1.8,0,0,0,0,0,1,1,1,1,1,1,1,2.4,0,0
3309,2.125,2.125,2.125,2.125,2.125,1.9,0,0,0,0,0,1,1,1,1,1,1,1,2.6,0,0
3310,2.25,2.25,2.25,2.25,2.25,2,0,0,0,0,0,1,1,1,1,1,1,1,3,0,0
4000,0.95,1,1,1,1,1,1.5,0,1,1,1,1,1,1,1,1,1,1,1.5,0,0
4001,1.04,1.1,1.1,1.1,1.1,1.1,1.59,0,1,1,1,1,1,1,1,1,1,1,1.5,0,0
4002,1.13,1.2,1.2,1.2,1.2,1.2,1.68,0,1,1,1,1,1,1,1,1,1,1,1.75,0,0
4003,1.22,1.3,1.3,1.3,1.3,1.3,1.77,0,1,1,1,1,1,1,1,1,1,1,2,0,0
4004,1.31,1.4,1.4,1.4,1.4,1.4,1.86,0,1,1,1,1,1,1,1,1,1,1,2.25,0,0
4005,1.4,1.5,1.5,1.5,1.5,1.5,1.88,0,1,1,1,1,1,1,1,1,1,1,2.5,0,0
4006,1.49,1.6,1.6,1.6,1.6,1.6,1.9,0,1,1,1,1,1,1,1,1,1,1,2.75,0,0
4007,1.58,1.7,1.7,1.7,1.7,1.7,1.92,0,1,1,1,1,1,1,1,1,1,1,3,0,0
4008,1.67,1.8,1.8,1.8,1.8,1.8,1.94,0,1,1,1,1,1,1,1,1,1,1,3.25,0,0
4009,1.76,1.9,1.9,1.9,1.9,1.9,1.96,0,1,1,1,1,1,1,1,1,1,1,3.5,0,0
4010,1.85,2,2,2,2,2,2,0,1,1,1,1,1,1,1,1,1,1,4,0,0
4100,0.95,1,1,1,1,1,1.1,1.1,1,1,1,1,1,1,1,1,1,1,1.5,0,0
4101,1.04,1.1,1.1,1.1,1.1,1.1,1.13,1.13,1,1,1,1,1,1,1,1,1,1,1.5,0,0
4102,1.13,1.2,1.2,1.2,1.2,1.2,1.16,1.16,1,1,1,1,1,1,1,1,1,1,1.75,0,0
4103,1.22,1.3,1.3,1.3,1.3,1.3,1.19,1.19,1,1,1,1,1,1,1,1,1,1,2,0,0
4104,1.31,1.4,1.4,1.4,1.4,1.4,1.21,1.21,1,1,1,1,1,1,1,1,1,1,2.25,0,0
4105,1.4,1.5,1.5,1.5,1.5,1.5,1.22,1.22,1,1,1,1,1,1,1,1,1,1,2.5,0,0
4106,1.49,1.6,1.6,1.6,1.6,1.6,1.23,1.23,1,1,1,1,1,1,1,1,1,1,2.75,0,0
4107,1.58,1.7,1.7,1.7,1.7,1.7,1.24,1.24,1,1,1,1,1,1,1,1,1,1,3,0,0
4108,1.67,1.8,1.8,1.8,1.8,1.8,1.25,1.25,1,1,1,1,1,1,1,1,1,1,3.25,0,0
4109,1.76,1.9,1.9,1.9,1.9,1.9,1.26,1.26,1,1,1,1,1,1,1,1,1,1,3.5,0,0
4110,1.85,2,2,2,2,2,1.25,1.25,1,1,1,1,1,1,1,1,1,1,4,0,0
4500,1.1,1.1,1.1,1.1,1.1,1,1,1,1,1,1,1,1,1,1,1,1,1,1,0,0
4501,1.28,1.28,1.28,1.28,1.28,1.2,1.08,1.08,1.08,1.08,1.08,1,1,1,1,1,1,1,1,0,0
4502,1.46,1.46,1.46,1.46,1.46,1.4,1.16,1.16,1.16,1.16,1.16,1,1,1,1,1,1,1,1.6,0,0
4503,1.64,1.64,1.64,1.64,1.64,1.6,1.24,1.24,1.24,1.24,1.24,1,1,1,1,1,1,1,2.2,0,0
4504,1.82,1.82,1.82,1.82,1.82,1.8,1.32,1.32,1.32,1.32,1.32,1,1,1,1,1,1,1,2.8,0,0
4505,2,2,2,2,2,2,1.4,1.4,1.4,1.4,1.4,1,1,1,1,1,1,1,4,0,0
4600,1.15,1.15,1.15,1.15,1.15,1,1,1,1,1,1,1,1,1,1,1,1,1,1,0,0
4601,1.28,1.28,1.28,1.28,1.28,1.2,1.08,1.08,1.08,1.08,1.08,1,1,1,1,1,1,1,1,0,0
4602,1.37,1.37,1.37,1.37,1.37,1.4,1.16,1.16,1.16,1.16,1.16,1,1,1,1,1,1,1,1.4,0,0
4603,1.6,1.6,1.6,1.6,1.6,1.6,1.24,1.24,1.24,1.24,1.24,1,1,1,1,1,1,1,1.8,0,0
4604,1.8,1.8,1.8,1.8,1.8,1.8,1.32,1.32,1.32,1.32,1.32,1,1,1,1,1,1,1,2.2,0,0
4605,2,2,2,2,2,2,1.4,1.4,1.4,1.4,1.4,1,1,1,1,1,1,1,3,0,0
5000,0.95,0.95,0.95,0.95,0.95,0.95,0.5,1.5,1,1,1,1,1,1,1,1,1,1,1.5,0,0
5001,1,1,1,1,1,1,0.53,1.55,1.04,1.04,1.04,1,1,1,1,1,1.01,1,1.5,0,0
5002,1.05,1.05,1.05,1.05,1.05,1.05,0.56,1.6,1.08,1.08,1.08,1,1,1,1,1,1.01,1,1.75,0,0
5003,1.1,1.1,1.1,1.1,1.1,1.1,0.59,1.65,1.12,1.12,1.12,1,1,1,1,1,1.02,1,2,0,0
5004,1.15,1.15,1.15,1.15,1.15,1.15,0.62,1.7,1.16,1.16,1.16,1,1,1,1,1,1.02,1,2.25,0,0
5005,1.2,1.2,1.2,1.2,1.2,1.2,0.65,1.75,1.2,1.2,1.2,1,1,1,1,1,1.03,1,2.5,0,0
5006,1.25,1.25,1.25,1.25,1.25,1.25,0.68,1.8,1.24,1.24,1.24,1,1,1,1,1,1.03,1,2.75,0,0
5007,1.3,1.3,1.3,1.3,1.3,1.3,0.71,1.85,1.28,1.28,1.28,1,1,1,1,1,1.04,1,3,0,0
5008,1.35,1.35,1.35,1.35,1.35,1.35,0.74,1.9,1.32,1.32,1.32,1,1,1,1,1,1.04,1,3.25,0,0
5009,1.4,1.4,1.4,1.4,1.4,1.4,0.77,1.95,1.36,1.36,1.36,1,1,1,1,1,1.04,1,3.5,0,0
5010,1.45,1.45,1.45,1.45,1.45,1.45,0.8,2,1.4,1.4,1.4,1,1,1,1,1,1.05,1,4,0,0
5011,1.5,1.5,1.5,1.5,1.5,1.5,0.84,2.04,1.43,1.43,1.43,1,1,1,1,1,1.05,1,1.5,0,0
5012,1.55,1.55,1.55,1.55,1.55,1.55,0.88,2.08,1.46,1.46,1.46,1,1,1,1,1,1.05,1,1.5,0,0
5013,1.6,1.6,1.6,1.6,1.6,1.6,0.92,2.12,1.49,1.49,1.49,1,1,1,1,1,1.06,1,1.75,0,0
5014,1.65,1.65,1.65,1.65,1.65,1.65,0.96,2.16,1.52,1.52,1.52,1,1,1,1,1,1.06,1,2,0,0
5015,1.7,1.7,1.7,1.7,1.7,1.7,1,2.2,1.55,1.55,1.55,1,1,1,1,1,1.06,1,2.25,0,0
5016,1.75,1.75,1.75,1.75,1.75,1.75,1.04,2.24,1.58,1.58,1.58,1,1,1,1,1,1.07,1,2.5,0,0
5017,1.8,1.8,1.8,1.8,1.8,1.8,1.08,2.28,1.61,1.61,1.61,1,1,1,1,1,1.07,1,2.75,0,0
5018,1.85,1.85,1.85,1.85,1.85,1.85,1.12,2.32,1.64,1.64,1.64,1,1,1,1,1,1.07,1,3,0,0
5019,1.9,1.9,1.9,1.9,1.9,1.9,1.16,2.36,1.67,1.67,1.67,1,1,1,1,1,1.08,1,3.25,0,0
5020,1.95,1.95,1.95,1.95,1.95,1.95,1.2,2.4,1.7,1.7,1.7,1,1,1,1,1,1.08,1,3.5,0,0
5021,2,2,2,2,2,2,1.22,2.42,1.72,1.72,1.72,1,1,1,1,1,1.08,1,4,0,0
5022,2.05,2.05,2.05,2.05,2.05,2.05,1.24,2.44,1.74,1.74,1.74,1,1,1,1,1,1.09,1,3,0,0
5023,2.1,2.1,2.1,2.1,2.1,2.1,1.26,2.46,1.76,1.76,1.76,1,1,1,1,1,1.09,1,3.25,0,0
5024,2.15,2.15,2.15,2.15,2.15,2.15,1.28,2.48,1.78,1.78,1.78,1,1,1,1,1,1.09,1,3.5,0,0
5025,2.2,2.2,2.2,2.2,2.2,2.2,1.3,2.5,1.8,1.8,1.8,1,1,1,1,1,1.1,1,4,0,0
6000,0.95,0.95,0.95,0.95,0.95,0.95,1.4,0.5,1,1,1,1,1,1,1,1,1,1,1.5,0,0
6001,1,1,1,1,1,1,1.46,0.53,1.04,1.04,1.04,1,1,1,1,1,1.01,1,1.5,0,0
6002,1.05,1.05,1.05,1.05,1.05,1.05,1.52,0.56,1.08,1.08,1.08,1,1,1,1,1,1.01,1,1.75,0,0
6003,1.1,1.1,1.1,1.1,1.1,1.1,1.58,0.59,1.12,1.12,1.12,1,1,1,1,1,1.02,1,2,0,0
6004,1.15,1.15,1.15,1.15,1.15,1.15,1.64,0.62,1.16,1.16,1.16,1,1,1,1,1,1.02,1,2.25,0,0
6005,1.2,1.2,1.2,1.2,1.2,1.2,1.7,0.65,1.2,1.2,1.2,1,1,1,1,1,1.03,1,2.5,0,0
6006,1.25,1.25,1.25,1.25,1.25,1.25,1.76,0.68,1.24,1.24,1.24,1,1,1,1,1,1.03,1,2.75,0,0
6007,1.3,1.3,1.3,1.3,1.3,1.3,1.82,0.71,1.28,1.28,1.28,1,1,1,1,1,1.04,1,3,0,0
6008,1.35,1.35,1.35,1.35,1.35,1.35,1.88,0.74,1.32,1.32,1.32,1,1,1,1,1,1.04,1,3.25,0,0
6009,1.4,1.4,1.4,1.4,1.4,1.4,1.94,0.77,1.36,1.36,1.36,1,1,1,1,1,1.04,1,3.5,0,0
6010,1.45,1.45,1.45,1.45,1.45,1.45,2,0.8,1.4,1.4,1.4,1,1,1,1,1,1.05,1,4,0,0
6011,1.5,1.5,1.5,1.5,1.5,1.5,2.05,0.83,1.43,1.43,1.43,1,1,1,1,1,1.05,1,1.5,0,0
6012,1.55,1.55,1.55,1.55,1.55,1.55,2.1,0.86,1.46,1.46,1.46,1,1,1,1,1,1.05,1,1.5,0,0
6013,1.6,1.6,1.6,1.6,1.6,1.6,2.15,0.89,1.49,1.49,1.49,1,1,1,1,1,1.06,1,1.75,0,0
6014,1.65,1.65,1.65,1.65,1.65,1.65,2.2,0.92,1.52,1.52,1.52,1,1,1,1,1,1.06,1,2,0,0
6015,1.7,1.7,1.7,1.7,1.7,1.7,2.25,0.95,1.55,1.55,1.55,1,1,1,1,1,1.06,1,2.25,0,0
6016,1.75,1.75,1.75,1.75,1.75,1.75,2.3,0.98,1.58,1.58,1.58,1,1,1,1,1,1.07,1,2.5,0,0
6017,1.8,1.8,1.8,1.8,1.8,1.8,2.35,1.01,1.61,1.61,1.61,1,1,1,1,1,1.07,1,2.75,0,0
6018,1.85,1.85,1.85,1.85,1.85,1.85,2.4,1.04,1.64,1.64,1.64,1,1,1,1,1,1.07,1,3,0,0
6019,1.9,1.9,1.9,1.9,1.9,1.9,2.45,1.07,1.67,1.67,1.67,1,1,1,1,1,1.08,1,3.25,0,0
6020,1.95,1.95,1.95,1.95,1.95,1.95,2.5,1.1,1.7,1.7,1.7,1,1,1,1,1,1.08,1,3.5,0,0
6021,2,2,2,2,2,2,2.52,1.12,1.72,1.72,1.72,1,1,1,1,1,1.08,1,4,0,0
6022,2.05,2.05,2.05,2.05,2.05,2.05,2.54,1.14,1.74,1.74,1.74,1,1,1,1,1,1.09,1,3,0,0
6023,2.1,2.1,2.1,2.1,2.1,2.1,2.56,1.16,1.76,1.76,1.76,1,1,1,1,1,1.09,1,3.25,0,0
6024,2.15,2.15,2.15,2.15,2.15,2.15,2.58,1.18,1.78,1.78,1.78,1,1,1,1,1,1.09,1,3.5,0,0
6025,2.2,2.2,2.2,2.2,2.2,2.2,2.6,1.2,1.8,1.8,1.8,1,1,1,1,1,1.1,1,4,0,0
6100,0.95,1,1,1,1,1,1.3,1.3,1,1,1,1,1,1,1,1,1,1,1.5,0,0
6101,1.03,1.1,1.1,1.1,1.1,1.1,1.39,1.39,1,1,1,1,1,1,1,1,1,1,1.5,0,0
6102,1.11,1.2,1.2,1.2,1.2,1.2,1.48,1.48,1,1,1,1,1,1,1,1,1,1,1.75,0,0
6103,1.19,1.3,1.3,1.3,1.3,1.3,1.57,1.57,1,1,1,1,1,1,1,1,1,1,2,0,0
6104,1.27,1.4,1.4,1.4,1.4,1.4,1.66,1.66,1,1,1,1,1,1,1,1,1,1,2.25,0,0
6105,1.35,1.5,1.5,1.5,1.5,1.5,1.68,1.68,1,1,1,1,1,1,1,1,1,1,2.5,0,0
6106,1.43,1.6,1.6,1.6,1.6,1.6,1.7,1.7,1,1,1,1,1,1,1,1,1,1,2.75,0,0
6107,1.51,1.7,1.7,1.7,1.7,1.7,1.72,1.72,1,1,1,1,1,1,1,1,1,1,3,0,0
6108,1.59,1.8,1.8,1.8,1.8,1.8,1.74,1.74,1,1,1,1,1,1,1,1,1,1,3.25,0,0
6109,1.67,1.9,1.9,1.9,1.9,1.9,1.76,1.76,1,1,1,1,1,1,1,1,1,1,3.5,0,0
6110,1.75,2,2,2,2,2,1.8,1.8,1,1,1,1,1,1,1,1,1,1,4,0,0
6200,0.95,1,1,1,1,1,1.5,0,1,1,1,1,1,1,1,1,1,1,1.5,0,0
6201,1.04,1.1,1.1,1.1,1.1,1.1,1.63,0,1,1,1,1,1,1,1,1,1,1,1.5,0,0
6202,1.13,1.2,1.2,1.2,1.2,1.2,1.76,0,1,1,1,1,1,1,1,1,1,1,1.75,0,0
6203,1.22,1.3,1.3,1.3,1.3,1.3,1.89,0,1,1,1,1,1,1,1,1,1,1,2,0,0
6204,1.31,1.4,1.4,1.4,1.4,1.4,2.03,0,1,1,1,1,1,1,1,1,1,1,2.25,0,0
6205,1.4,1.5,1.5,1.5,1.5,1.5,2.09,0,1,1,1,1,1,1,1,1,1,1,2.5,0,0
6206,1.49,1.6,1.6,1.6,1.6,1.6,2.15,0,1,1,1,1,1,1,1,1,1,1,2.75,0,0
6207,1.58,1.7,1.7,1.7,1.7,1.7,2.21,0,1,1,1,1,1,1,1,1,1,1,3,0,0
6208,1.67,1.8,1.8,1.8,1.8,1.8,2.27,0,1,1,1,1,1,1,1,1,1,1,3.25,0,0
6209,1.76,1.9,1.9,1.9,1.9,1.9,2.33,0,1,1,1,1,1,1,1,1,1,1,3.5,0,0
6210,1.85,2,2,2,2,2,2.4,0,1,1,1,1,1,1,1,1,1,1,4,0,0
6300,0.95,1,1,1,1,1,0.95,1.5,1,1,1,1,1,1,1,1,1,1,1.5,0,0
6301,1.04,1.1,1.1,1.1,1.1,1.1,0.98,1.61,1.07,1.07,1,1,1,1,1,1,1,1,1.5,0,0
6302,1.13,1.2,1.2,1.2,1.2,1.2,1.01,1.72,1.14,1.14,1,1,1,1,1,1,1,1,1.75,0,0
6303,1.22,1.3,1.3,1.3,1.3,1.3,1.04,1.83,1.21,1.21,1,1,1,1,1,1,1,1,2,0,0
6304,1.31,1.4,1.4,1.4,1.4,1.4,1.06,1.93,1.29,1.29,1,1,1,1,1,1,1,1,2.25,0,0
6305,1.4,1.5,1.5,1.5,1.5,1.5,1.07,1.96,1.31,1.31,1,1,1,1,1,1,1,1,2.5,0,0
6306,1.49,1.6,1.6,1.6,1.6,1.6,1.08,1.99,1.33,1.33,1,1,1,1,1,1,1,1,2.75,0,0
6307,1.58,1.7,1.7,1.7,1.7,1.7,1.09,2.02,1.35,1.35,1,1,1,1,1,1,1,1,3,0,0
6308,1.67,1.8,1.8,1.8,1.8,1.8,1.1,2.05,1.37,1.37,1,1,1,1,1,1,1,1,3.25,0,0
6309,1.76,1.9,1.9,1.9,1.9,1.9,1.11,2.08,1.39,1.39,1,1,1,1,1,1,1,1,3.5,0,0
6310,1.85,2,2,2,2,2,1.1,2.1,1.4,1.4,1,1,1,1,1,1,1,1,4,0,0
7000,0.98,1,1,1,1,1,1.6,0,1,1,1,1,1,1,1,1,1,1,1.5,0,0
7001,1.067,1.1,1.1,1.1,1.1,1.1,1.66,0,1.05,1.05,1,1,1,1,1,1,1,1,1.5,0,0
7002,1.154,1.2,1.2,1.2,1.2,1.2,1.72,0,1.1,1.1,1,1,1,1,1,1,1,1,1.75,0,0
7003,1.241,1.3,1.3,1.3,1.3,1.3,1.78,0,1.15,1.15,1,1,1,1,1,1,1,1,2,0,0
7004,1.328,1.4,1.4,1.4,1.4,1.4,1.85,0,1.2,1.2,1,1,1,1,1,1,1,1,2.25,0,0
7005,1.415,1.5,1.5,1.5,1.5,1.5,1.89,0,1.23,1.23,1,1,1,1,1,1,1,1,2.5,0,0
7006,1.502,1.6,1.6,1.6,1.6,1.6,1.93,0,1.26,1.26,1,1,1,1,1,1,1,1,2.75,0,0
7007,1.589,1.7,1.7,1.7,1.7,1.7,1.97,0,1.29,1.29,1,1,1,1,1,1,1,1,3,0,0
7008,1.676,1.8,1.8,1.8,1.8,1.8,2.01,0,1.32,1.32,1,1,1,1,1,1,1,1,3.25,0,0
7009,1.763,1.9,1.9,1.9,1.9,1.9,2.05,0,1.35,1.35,1,1,1,1,1,1,1,1,3.5,0,0
7010,1.85,2,2,2,2,2,2.1,0,1.4,1.4,1,1,1,1,1,1,1,1,4,0,0
8000,1,1,1,1,1,1,1,1,1,1,1,1,1,1,1,1,1,1,1,0,0
8001,1.058,1.058,1.058,1.058,1.058,1.04,1.04,1.04,1.04,1.04,1.04,1,1,1,1,1,1.02,1,1,0,0
8002,1.116,1.116,1.116,1.116,1.116,1.08,1.08,1.08,1.08,1.08,1.08,1,1,1,1,1,1.04,1,1.2,0,0
8003,1.174,1.174,1.174,1.174,1.174,1.12,1.12,1.12,1.12,1.12,1.12,1,1,1,1,1,1.06,1,1.4,0,0
8004,1.232,1.232,1.232,1.232,1.232,1.16,1.16,1.16,1.16,1.16,1.16,1,1,1,1,1,1.08,1,1.6,0,0
8005,1.29,1.29,1.29,1.29,1.29,1.2,1.2,1.2,1.2,1.2,1.2,1,1,1,1,1,1.1,1,1.8,0,0
8006,1.348,1.348,1.348,1.348,1.348,1.24,1.24,1.24,1.24,1.24,1.24,1,1,1,1,1,1.12,1,2,0,0
8007,1.406,1.406,1.406,1.406,1.406,1.28,1.28,1.28,1.28,1.28,1.28,1,1,1,1,1,1.14,1,2.2,0,0
8008,1.464,1.464,1.464,1.464,1.464,1.32,1.32,1.32,1.32,1.32,1.32,1,1,1,1,1,1.15,1,2.4,0,0
8009,1.522,1.522,1.522,1.522,1.522,1.36,1.36,1.36,1.36,1.36,1.36,1,1,1,1,1,1.16,1,2.6,0,0
8010,1.58,1.58,1.58,1.58,1.58,1.4,1.4,1.4,1.4,1.4,1.4,1,1,1,1,1,1.17,1,2.8,0,0
8011,1.638,1.638,1.638,1.638,1.638,1.44,1.43,1.43,1.43,1.43,1.43,1,1,1,1,1,1.18,1,3,0,0
8012,1.696,1.696,1.696,1.696,1.696,1.48,1.46,1.46,1.46,1.46,1.46,1,1,1,1,1,1.19,1,3.2,0,0
8013,1.754,1.754,1.754,1.754,1.754,1.52,1.49,1.49,1.49,1.49,1.49,1,1,1,1,1,1.2,1,3.4,0,0
8014,1.812,1.812,1.812,1.812,1.812,1.56,1.52,1.52,1.52,1.52,1.52,1,1,1,1,1,1.21,1,3.6,0,0
8015,1.87,1.87,1.87,1.87,1.87,1.6,1.55,1.55,1.55,1.55,1.55,1,1,1,1,1,1.22,1,3.8,0,0
8016,1.928,1.928,1.928,1.928,1.928,1.64,1.58,1.58,1.58,1.58,1.58,1,1,1,1,1,1.23,1,4,0,0
8017,1.986,1.986,1.986,1.986,1.986,1.68,1.61,1.61,1.61,1.61,1.61,1,1,1,1,1,1.24,1,4.2,0,0
8018,2.044,2.044,2.044,2.044,2.044,1.72,1.64,1.64,1.64,1.64,1.64,1,1,1,1,1,1.25,1,4.4,0,0
8019,2.102,2.102,2.102,2.102,2.102,1.76,1.67,1.67,1.67,1.67,1.67,1,1,1,1,1,1.26,1,4.6,0,0
8020,2.16,2.16,2.16,2.16,2.16,1.8,1.7,1.7,1.7,1.7,1.7,1,1,1,1,1,1.27,1,4.8,0,0
8021,2.218,2.218,2.218,2.218,2.218,1.84,1.72,1.72,1.72,1.72,1.72,1,1,1,1,1,1.28,1,5,0,0
8022,2.276,2.276,2.276,2.276,2.276,1.88,1.74,1.74,1.74,1.74,1.74,1,1,1,1,1,1.29,1,5.2,0,0
8023,2.334,2.334,2.334,2.334,2.334,1.92,1.76,1.76,1.76,1.76,1.76,1,1,1,1,1,1.3,1,5.4,0,0
8024,2.392,2.392,2.392,2.392,2.392,1.96,1.78,1.78,1.78,1.78,1.78,1,1,1,1,1,1.31,1,5.6,0,0
8025,2.45,2.45,2.45,2.45,2.45,2,1.8,1.8,1.8,1.8,1.8,1,1,1,1,1,1.32,1,5.8,0,0
8100,1,1,1,1,1,1,1,1,1,1,1,1,1,1,1,1,1,1,1,0,0
8101,1.058,1.058,1.058,1.058,1.058,1.04,1.04,1.04,1.04,1.04,1.04,1,1,1,1,1,1,1,1,0,0
8102,1.116,1.116,1.116,1.116,1.116,1.08,1.08,1.08,1.08,1.08,1.08,1,1,1,1,1,1.01,1,1.2,0,0
8103,1.174,1.174,1.174,1.174,1.174,1.12,1.12,1.12,1.12,1.12,1.12,1,1,1,1,1,1.02,1,1.4,0,0
8104,1.232,1.232,1.232,1.232,1.232,1.16,1.16,1.16,1.16,1.16,1.16,1,1,1,1,1,1.03,1,1.6,0,0
8105,1.29,1.29,1.29,1.29,1.29,1.2,1.2,1.2,1.2,1.2,1.2,1,1,1,1,1,1.04,1,1.8,0,0
8106,1.348,1.348,1.348,1.348,1.348,1.24,1.24,1.24,1.24,1.24,1.24,1,1,1,1,1,1.05,1,2,0,0
8107,1.406,1.406,1.406,1.406,1.406,1.28,1.28,1.28,1.28,1.28,1.28,1,1,1,1,1,1.06,1,2.2,0,0
8108,1.464,1.464,1.464,1.464,1.464,1.32,1.32,1.32,1.32,1.32,1.32,1,1,1,1,1,1.07,1,2.4,0,0
8109,1.522,1.522,1.522,1.522,1.522,1.36,1.36,1.36,1.36,1.36,1.36,1,1,1,1,1,1.08,1,2.6,0,0
8110,1.58,1.58,1.58,1.58,1.58,1.4,1.4,1.4,1.4,1.4,1.4,1,1,1,1,1,1.09,1,2.8,0,0
8111,1.638,1.638,1.638,1.638,1.638,1.44,1.43,1.43,1.43,1.43,1.43,1,1,1,1,1,1.1,1,3,0,0
8112,1.696,1.696,1.696,1.696,1.696,1.48,1.46,1.46,1.46,1.46,1.46,1,1,1,1,1,1.11,1,3.2,0,0
8113,1.754,1.754,1.754,1.754,1.754,1.52,1.49,1.49,1.49,1.49,1.49,1,1,1,1,1,1.12,1,3.4,0,0
8114,1.812,1.812,1.812,1.812,1.812,1.56,1.52,1.52,1.52,1.52,1.52,1,1,1,1,1,1.13,1,3.6,0,0
8115,1.87,1.87,1.87,1.87,1.87,1.6,1.55,1.55,1.55,1.55,1.55,1,1,1,1,1,1.14,1,3.8,0,0
8116,1.928,1.928,1.928,1.928,1.928,1.64,1.58,1.58,1.58,1.58,1.58,1,1,1,1,1,1.15,1,4,0,0
8117,1.986,1.986,1.986,1.986,1.986,1.68,1.61,1.61,1.61,1.61,1.61,1,1,1,1,1,1.16,1,4.2,0,0
8118,2.044,2.044,2.044,2.044,2.044,1.72,1.64,1.64,1.64,1.64,1.64,1,1,1,1,1,1.17,1,4.4,0,0
8119,2.102,2.102,2.102,2.102,2.102,1.76,1.67,1.67,1.67,1.67,1.67,1,1,1,1,1,1.18,1,4.6,0,0
8120,2.16,2.16,2.16,2.16,2.16,1.8,1.7,1.7,1.7,1.7,1.7,1,1,1,1,1,1.19,1,4.8,0,0
8121,2.218,2.218,2.218,2.218,2.218,1.84,1.72,1.72,1.72,1.72,1.72,1,1,1,1,1,1.2,1,5,0,0
8122,2.276,2.276,2.276,2.276,2.276,1.88,1.74,1.74,1.74,1.74,1.74,1,1,1,1,1,1.21,1,5.2,0,0
8123,2.334,2.334,2.334,2.334,2.334,1.92,1.76,1.76,1.76,1.76,1.76,1,1,1,1,1,1.22,1,5.4,0,0
8124,2.392,2.392,2.392,2.392,2.392,1.96,1.78,1.78,1.78,1.78,1.78,1,1,1,1,1,1.23,1,5.6,0,0
8125,2.45,2.45,2.45,2.45,2.45,2,1.8,1.8,1.8,1.8,1.8,1,1,1,1,1,1.24,1,5.8,0,0
8200,1,1,1,1,1,1,1,1,1,1,1,1,1,1,1,1,1,1,1,0,0
8201,1.058,1.058,1.058,1.058,1.058,1.04,1.04,1.04,1.04,1.04,1.04,1,1,1,1,1,1.01,1,1,0,0
8202,1.116,1.116,1.116,1.116,1.116,1.08,1.08,1.08,1.08,1.08,1.08,1,1,1,1,1,1.01,1,1.2,0,0
8203,1.174,1.174,1.174,1.174,1.174,1.12,1.12,1.12,1.12,1.12,1.12,1,1,1,1,1,1.02,1,1.4,0,0
8204,1.232,1.232,1.232,1.232,1.232,1.16,1.16,1.16,1.16,1.16,1.16,1,1,1,1,1,1.02,1,1.6,0,0
8205,1.29,1.29,1.29,1.29,1.29,1.2,1.2,1.2,1.2,1.2,1.2,1,1,1,1,1,1.03,1,1.8,0,0
8206,1.348,1.348,1.348,1.348,1.348,1.24,1.24,1.24,1.24,1.24,1.24,1,1,1,1,1,1.03,1,2,0,0
8207,1.406,1.406,1.406,1.406,1.406,1.28,1.28,1.28,1.28,1.28,1.28,1,1,1,1,1,1.04,1,2.2,0,0
8208,1.464,1.464,1.464,1.464,1.464,1.32,1.32,1.32,1.32,1.32,1.32,1,1,1,1,1,1.04,1,2.4,0,0
8209,1.522,1.522,1.522,1.522,1.522,1.36,1.36,1.36,1.36,1.36,1.36,1,1,1,1,1,1.04,1,2.6,0,0
8210,1.58,1.58,1.58,1.58,1.58,1.4,1.4,1.4,1.4,1.4,1.4,1,1,1,1,1,1.05,1,2.8,0,0
8211,1.638,1.638,1.638,1.638,1.638,1.44,1.43,1.43,1.43,1.43,1.43,1,1,1,1,1,1.05,1,3,0,0
8212,1.696,1.696,1.696,1.696,1.696,1.48,1.46,1.46,1.46,1.46,1.46,1,1,1,1,1,1.06,1,3.2,0,0
8213,1.754,1.754,1.754,1.754,1.754,1.52,1.49,1.49,1.49,1.49,1.49,1,1,1,1,1,1.06,1,3.4,0,0
8214,1.812,1.812,1.812,1.812,1.812,1.56,1.52,1.52,1.52,1.52,1.52,1,1,1,1,1,1.07,1,3.6,0,0
8215,1.87,1.87,1.87,1.87,1.87,1.6,1.55,1.55,1.55,1.55,1.55,1,1,1,1,1,1.07,1,3.8,0,0
8216,1.928,1.928,1.928,1.928,1.928,1.64,1.58,1.58,1.58,1.58,1.58,1,1,1,1,1,1.08,1,4,0,0
8217,1.986,1.986,1.986,1.986,1.986,1.68,1.61,1.61,1.61,1.61,1.61,1,1,1,1,1,1.08,1,4.2,0,0
8218,2.044,2.044,2.044,2.044,2.044,1.72,1.64,1.64,1.64,1.64,1.64,1,1,1,1,1,1.09,1,4.4,0,0
8219,2.102,2.102,2.102,2.102,2.102,1.76,1.67,1.67,1.67,1.67,1.67,1,1,1,1,1,1.09,1,4.6,0,0
8220,2.16,2.16,2.16,2.16,2.16,1.8,1.7,1.7,1.7,1.7,1.7,1,1,1,1,1,1.1,1,4.8,0,0
8221,2.218,2.218,2.218,2.218,2.218,1.84,1.72,1.72,1.72,1.72,1.72,1,1,1,1,1,1.1,1,5,0,0
8222,2.276,2.276,2.276,2.276,2.276,1.88,1.74,1.74,1.74,1.74,1.74,1,1,1,1,1,1.11,1,5.2,0,0
8223,2.334,2.334,2.334,2.334,2.334,1.92,1.76,1.76,1.76,1.76,1.76,1,1,1,1,1,1.11,1,5.4,0,0
8224,2.392,2.392,2.392,2.392,2.392,1.96,1.78,1.78,1.78,1.78,1.78,1,1,1,1,1,1.11,1,5.6,0,0
8225,2.45,2.45,2.45,2.45,2.45,2,1.8,1.8,1.8,1.8,1.8,1,1,1,1,1,1.12,1,5.8,0,0
8300,1.2,1.2,1.2,1.2,1.2,1.2,1,1,1,1,1,1,1,1,1,1,1,1,1,0,0
8301,1.31,1.31,1.31,1.31,1.31,1.28,1.08,1.08,1.08,1.08,1.08,1,1,1,1,1,1.01,1,1,0,0
8302,1.42,1.42,1.42,1.42,1.42,1.36,1.16,1.16,1.16,1.16,1.16,1,1,1,1,1,1.02,1,1.5,0,0
8303,1.53,1.53,1.53,1.53,1.53,1.44,1.24,1.24,1.24,1.24,1.24,1,1,1,1,1,1.03,1,2,0,0
8304,1.64,1.64,1.64,1.64,1.64,1.52,1.32,1.32,1.32,1.32,1.32,1,1,1,1,1,1.04,1,2.5,0,0
8305,1.75,1.75,1.75,1.75,1.75,1.6,1.4,1.4,1.4,1.4,1.4,1,1,1,1,1,1.05,1,3,0,0
8306,1.86,1.86,1.86,1.86,1.86,1.68,1.48,1.48,1.48,1.48,1.48,1,1,1,1,1,1.06,1,3.5,0,0
8307,1.97,1.97,1.97,1.97,1.97,1.76,1.56,1.56,1.56,1.56,1.56,1,1,1,1,1,1.07,1,4,0,0
8308,2.08,2.08,2.08,2.08,2.08,1.84,1.64,1.64,1.64,1.64,1.64,1,1,1,1,1,1.08,1,4.5,0,0
8309,2.19,2.19,2.19,2.19,2.19,1.92,1.72,1.72,1.72,1.72,1.72,1,1,1,1,1,1.09,1,5,0,0
8310,2.3,2.3,2.3,2.3,2.3,2,1.8,1.8,1.8,1.8,1.8,1,1,1,1,1,1.1,1,6,0,0
8500,1.2,1.2,1.2,1.2,1.2,1.2,1,1,1,1,1,1,1,1,1,1,1,1,1,0,0
8501,1.335,1.335,1.335,1.335,1.335,1.28,1.08,1.08,1.08,1.08,1.08,1,1,1,1,1,1.02,1,1,0,0
8502,1.47,1.47,1.47,1.47,1.47,1.36,1.16,1.16,1.16,1.16,1.16,1,1,1,1,1,1.04,1,1.5,0,0
8503,1.605,1.605,1.605,1.605,1.605,1.44,1.24,1.24,1.24,1.24,1.24,1,1,1,1,1,1.06,1,2,0,0
8504,1.74,1.74,1.74,1.74,1.74,1.52,1.32,1.32,1.32,1.32,1.32,1,1,1,1,1,1.07,1,2.5,0,0
8505,1.875,1.875,1.875,1.875,1.875,1.6,1.4,1.4,1.4,1.4,1.4,1,1,1,1,1,1.09,1,3,0,0
8506,2.01,2.01,2.01,2.01,2.01,1.68,1.48,1.48,1.48,1.48,1.48,1,1,1,1,1,1.11,1,3.5,0,0
8507,2.145,2.145,2.145,2.145,2.145,1.76,1.56,1.56,1.56,1.56,1.56,1,1,1,1,1,1.12,1,4,0,0
8508,2.28,2.28,2.28,2.28,2.28,1.84,1.64,1.64,1.64,1.64,1.64,1,1,1,1,1,1.13,1,4.5,0,0
8509,2.415,2.415,2.415,2.415,2.415,1.92,1.72,1.72,1.72,1.72,1.72,1,1,1,1,1,1.14,1,5,0,0
8510,2.55,2.55,2.55,2.55,2.55,2,1.8,1.8,1.8,1.8,1.8,1,1,1,1,1,1.15,1,6,0,0
9000,1,1,1,1,1,1,1,1,1,1,1,1,1,1,1,1,1,1,1,0,0
9001,1.1,1.1,1.1,1.1,1.1,1.1,1.05,1.05,1.05,1.05,1.05,1,1,1,1,1,1,1,1,0,0
9002,1.2,1.2,1.2,1.2,1.2,1.2,1.1,1.1,1.1,1.1,1.1,1,1,1,1,1,1,1,1.2,0,0
9003,1.3,1.3,1.3,1.3,1.3,1.3,1.15,1.15,1.15,1.15,1.15,1,1,1,1,1,1,1,1.4,0,0
9004,1.4,1.4,1.4,1.4,1.4,1.4,1.2,1.2,1.2,1.2,1.2,1,1,1,1,1,1,1,1.6,0,0
9005,1.5,1.5,1.5,1.5,1.5,1.5,1.23,1.23,1.23,1.23,1.23,1,1,1,1,1,1,1,1.8,0,0
9006,1.6,1.6,1.6,1.6,1.6,1.6,1.26,1.26,1.26,1.26,1.26,1,1,1,1,1,1,1,2,0,0
9007,1.7,1.7,1.7,1.7,1.7,1.7,1.29,1.29,1.29,1.29,1.29,1,1,1,1,1,1,1,2.2,0,0
9008,1.8,1.8,1.8,1.8,1.8,1.8,1.32,1.32,1.32,1.32,1.32,1,1,1,1,1,1,1,2.4,0,0
9009,1.9,1.9,1.9,1.9,1.9,1.9,1.35,1.35,1.35,1.35,1.35,1,1,1,1,1,1,1,2.6,0,0
9010,2,2,2,2,2,2,1.4,1.4,1.4,1.4,1.4,1,1,1,1,1,1,1,3,0,0